case_id,time_s,max_displacement_mm,max_vm_kpa
stage5_no_skin_100g,0,0,0
stage5_no_skin_100g,0.025,0.026354,0.01231
stage5_no_skin_100g,0.05,0.195951,0.062462
stage5_no_skin_100g,0.075,0.493109,0.13989
stage5_no_skin_100g,0.1,0.722549,0.195547
stage5_no_skin_100g,0.125,0.740643,0.212935
stage5_no_skin_100g,0.15,0.742813,0.221399
stage5_no_skin_100g,0.175,0.912941,0.264772
stage5_no_skin_100g,0.2,1.201618,0.341243
stage5_no_skin_100g,0.225,1.422056,0.403875
stage5_no_skin_100g,0.25,1.496948,0.424699
stage5_no_skin_100g,0.275,1.488684,0.431094
stage5_no_skin_100g,0.3,1.602585,0.468201
stage5_no_skin_100g,0.325,1.897256,0.543002
stage5_no_skin_100g,0.35,2.16269,0.609873
stage5_no_skin_100g,0.375,2.225022,0.636631
stage5_no_skin_100g,0.4,2.216606,0.641978
stage5_no_skin_100g,0.425,2.334978,0.672214
stage5_no_skin_100g,0.45,2.587904,0.744424
stage5_no_skin_100g,0.475,2.863041,0.81556
stage5_no_skin_100g,0.5,2.97987,0.848007
stage5_no_skin_100g,0.525,2.964335,0.852599
stage5_no_skin_100g,0.55,3.025477,0.878283
stage5_no_skin_100g,0.575,3.298222,0.945
stage5_no_skin_100g,0.6,3.579785,1.019578
stage5_no_skin_100g,0.625,3.704743,1.058672
stage5_no_skin_100g,0.65,3.708907,1.066295
stage5_no_skin_100g,0.675,3.767975,1.084223
stage5_no_skin_100g,0.7,3.977902,1.146341
stage5_no_skin_100g,0.725,4.276156,1.221846
stage5_no_skin_100g,0.75,4.456406,1.269116
stage5_no_skin_100g,0.775,4.457307,1.278578
stage5_no_skin_100g,0.8,4.478235,1.294283
stage5_no_skin_100g,0.825,4.68676,1.345385
stage5_no_skin_100g,0.85,4.978544,1.423892
stage5_no_skin_100g,0.875,5.170077,1.476873
stage5_no_skin_100g,0.9,5.209124,1.493738
stage5_no_skin_100g,0.925,5.228028,1.501468
stage5_no_skin_100g,0.95,5.369154,1.548988
stage5_no_skin_100g,0.975,5.670499,1.623367
stage5_no_skin_100g,1,5.906175,1.684548
stage5_no_skin_100g,1.025,5.931452,1.694573
stage5_no_skin_100g,1.05,5.755998,1.652057
stage5_no_skin_100g,1.075,5.601433,1.612154
stage5_no_skin_100g,1.1,5.644683,1.626857
stage5_no_skin_100g,1.125,5.861205,1.678627
stage5_no_skin_100g,1.15,5.968047,1.696276
stage5_no_skin_100g,1.175,5.795715,1.662347
stage5_no_skin_100g,1.2,5.597135,1.61562
stage5_no_skin_100g,1.2,5.597135,1.61562
stage5_no_skin_100g,1.205,5.576561,1.611261
stage5_no_skin_100g,1.21,5.572622,1.610575
stage5_no_skin_100g,1.215,5.574174,1.611101
stage5_no_skin_100g,1.22,5.597269,1.615498
stage5_no_skin_100g,1.225,5.623863,1.620506
stage5_no_skin_100g,1.23,5.665089,1.628093
stage5_no_skin_100g,1.235,5.707936,1.636301
stage5_no_skin_100g,1.24,5.754637,1.645984
stage5_no_skin_100g,1.245,5.79901,1.656165
stage5_no_skin_100g,1.25,5.840832,1.666892
stage5_no_skin_100g,1.255,5.882043,1.68005
stage5_no_skin_100g,1.26,5.927701,1.697924
stage5_no_skin_100g,1.265,5.98676,1.725506
stage5_no_skin_100g,1.27,6.083073,1.769741
stage5_no_skin_100g,1.275,6.223945,1.826243
stage5_no_skin_100g,1.28,6.417535,1.895659
stage5_no_skin_100g,1.285,6.671003,1.978443
stage5_no_skin_100g,1.29,6.990186,2.074639
stage5_no_skin_100g,1.295,7.397923,2.187343
stage5_no_skin_100g,1.3,7.865178,2.311472
stage5_no_skin_100g,1.305,8.378182,2.445055
stage5_no_skin_100g,1.31,8.923289,2.586136
stage5_no_skin_100g,1.315,9.485733,2.73252
stage5_no_skin_100g,1.32,10.046744,2.879341
stage5_no_skin_100g,1.325,10.592074,3.019382
stage5_no_skin_100g,1.33,11.111387,3.148052
stage5_no_skin_100g,1.335,11.585414,3.258591
stage5_no_skin_100g,1.34,11.984493,3.344422
stage5_no_skin_100g,1.345,12.28194,3.404435
stage5_no_skin_100g,1.35,12.457862,3.441198
stage5_no_skin_100g,1.355,12.509606,3.459885
stage5_no_skin_100g,1.36,12.453651,3.46515
stage5_no_skin_100g,1.365,12.308802,3.457461
stage5_no_skin_100g,1.37,12.098468,3.435211
stage5_no_skin_100g,1.375,11.842405,3.397482
stage5_no_skin_100g,1.38,11.564728,3.347184
stage5_no_skin_100g,1.385,11.2919,3.289896
stage5_no_skin_100g,1.39,11.046984,3.230727
stage5_no_skin_100g,1.395,10.841516,3.173309
stage5_no_skin_100g,1.4,10.682742,3.122144
stage5_no_skin_100g,1.405,10.572777,3.082412
stage5_no_skin_100g,1.41,10.515086,3.058584
stage5_no_skin_100g,1.415,10.512966,3.052262
stage5_no_skin_100g,1.42,10.566664,3.062147
stage5_no_skin_100g,1.425,10.671354,3.084977
stage5_no_skin_100g,1.43,10.815478,3.116137
stage5_no_skin_100g,1.435,10.984846,3.150511
stage5_no_skin_100g,1.44,11.165284,3.184313
stage5_no_skin_100g,1.445,11.339693,3.215952
stage5_no_skin_100g,1.45,11.481152,3.243734
stage5_no_skin_100g,1.455,11.568809,3.264259
stage5_no_skin_100g,1.46,11.592467,3.272946
stage5_no_skin_100g,1.465,11.547433,3.265637
stage5_no_skin_100g,1.47,11.431626,3.239009
stage5_no_skin_100g,1.475,11.24834,3.190502
stage5_no_skin_100g,1.48,11.004579,3.118385
stage5_no_skin_100g,1.485,10.703362,3.022062
stage5_no_skin_100g,1.49,10.340228,2.903123
stage5_no_skin_100g,1.495,9.907258,2.766266
stage5_no_skin_100g,1.5,9.398461,2.617855
stage5_no_skin_100g,1.505,8.819165,2.464533
stage5_no_skin_100g,1.51,8.188365,2.311289
stage5_no_skin_100g,1.515,7.534513,2.161197
stage5_no_skin_100g,1.52,6.892642,2.015612
stage5_no_skin_100g,1.525,6.296864,1.875398
stage5_no_skin_100g,1.53,5.774185,1.742836
stage5_no_skin_100g,1.535,5.342135,1.622333
stage5_no_skin_100g,1.54,5.006424,1.519317
stage5_no_skin_100g,1.545,4.757025,1.437632
stage5_no_skin_100g,1.55,4.578503,1.377725
stage5_no_skin_100g,1.555,4.462028,1.337489
stage5_no_skin_100g,1.56,4.398622,1.311338
stage5_no_skin_100g,1.565,4.385488,1.295066
stage5_no_skin_100g,1.57,4.414325,1.284195
stage5_no_skin_100g,1.575,4.466641,1.273484
stage5_no_skin_100g,1.58,4.512748,1.257427
stage5_no_skin_100g,1.585,4.522525,1.231948
stage5_no_skin_100g,1.59,4.47349,1.195225
stage5_no_skin_100g,1.595,4.350607,1.146842
stage5_no_skin_100g,1.6,4.14501,1.086716
stage5_no_skin_100g,1.605,3.847956,1.013885
stage5_no_skin_100g,1.61,3.466763,0.928411
stage5_no_skin_100g,1.615,3.018407,0.829675
stage5_no_skin_100g,1.62,2.529943,0.717082
stage5_no_skin_100g,1.625,2.027792,0.591685
stage5_no_skin_100g,1.63,1.537631,0.458281
stage5_no_skin_100g,1.635,1.061902,0.32139
stage5_no_skin_100g,1.64,0.601201,0.185907
stage5_no_skin_100g,1.645,0.257943,0.089383
stage5_no_skin_100g,1.65,0.342253,0.087698
stage5_no_skin_100g,1.655,0.698387,0.158641
stage5_no_skin_100g,1.66,0.993467,0.230127
stage5_no_skin_100g,1.665,1.20406,0.277077
stage5_no_skin_100g,1.67,1.311447,0.299983
stage5_no_skin_100g,1.675,1.316242,0.301588
stage5_no_skin_100g,1.68,1.236392,0.285261
stage5_no_skin_100g,1.685,1.073648,0.251563
stage5_no_skin_100g,1.69,0.839314,0.200674
stage5_no_skin_100g,1.695,0.556914,0.135219
stage5_no_skin_100g,1.7,0.248803,0.066228
stage5_no_skin_100g,1.705,0.197012,0.033177
stage5_no_skin_100g,1.71,0.429797,0.112156
stage5_no_skin_100g,1.715,0.70382,0.185566
stage5_no_skin_100g,1.72,0.9745,0.247881
stage5_no_skin_100g,1.725,1.205626,0.296347
stage5_no_skin_100g,1.73,1.379985,0.328783
stage5_no_skin_100g,1.735,1.488793,0.34489
stage5_no_skin_100g,1.74,1.524702,0.347711
stage5_no_skin_100g,1.745,1.489008,0.342003
stage5_no_skin_100g,1.75,1.388224,0.330159
stage5_no_skin_100g,1.755,1.237597,0.31555
stage5_no_skin_100g,1.76,1.061164,0.298422
stage5_no_skin_100g,1.765,0.894571,0.280358
stage5_no_skin_100g,1.77,0.815796,0.265052
stage5_no_skin_100g,1.775,0.880727,0.275015
stage5_no_skin_100g,1.78,0.978152,0.298219
stage5_no_skin_100g,1.785,1.090909,0.332721
stage5_no_skin_100g,1.79,1.218094,0.371889
stage5_no_skin_100g,1.795,1.370736,0.423992
stage5_no_skin_100g,1.8,1.579439,0.493745
stage5_no_skin_100g,1.805,1.889252,0.605679
stage5_no_skin_100g,1.81,2.38012,0.736474
stage5_no_skin_100g,1.815,2.963242,0.882656
stage5_no_skin_100g,1.82,3.587406,1.035529
stage5_no_skin_100g,1.825,4.22824,1.191588
stage5_no_skin_100g,1.83,4.85979,1.348602
stage5_no_skin_100g,1.835,5.464075,1.505826
stage5_no_skin_100g,1.84,6.027319,1.661033
stage5_no_skin_100g,1.845,6.536679,1.810132
stage5_no_skin_100g,1.85,6.975602,1.945624
stage5_no_skin_100g,1.855,7.34968,2.06318
stage5_no_skin_100g,1.86,7.634949,2.147885
stage5_no_skin_100g,1.865,7.829575,2.19653
stage5_no_skin_100g,1.87,7.921085,2.209454
stage5_no_skin_100g,1.875,7.89858,2.18725
stage5_no_skin_100g,1.88,7.772708,2.137086
stage5_no_skin_100g,1.885,7.519425,2.0568
stage5_no_skin_100g,1.89,7.168043,1.957013
stage5_no_skin_100g,1.895,6.72377,1.842612
stage5_no_skin_100g,1.9,6.213269,1.720448
stage5_no_skin_100g,1.9,6.213269,1.720448
stage5_no_skin_100g,1.925,3.765322,1.155695
stage5_no_skin_100g,1.95,4.002252,1.29145
stage5_no_skin_100g,1.975,6.908863,1.858612
stage5_no_skin_100g,2,8.145756,2.210897
stage5_no_skin_100g,2.025,6.241059,1.780677
stage5_no_skin_100g,2.05,3.830887,1.222537
stage5_no_skin_100g,2.075,4.113838,1.195914
stage5_no_skin_100g,2.1,6.163423,1.828695
stage5_no_skin_100g,2.125,8.190119,2.185291
stage5_no_skin_100g,2.15,6.776824,1.871672
stage5_no_skin_100g,2.175,3.989011,1.24364
stage5_no_skin_100g,2.2,3.616663,1.18913
stage5_no_skin_125g,0,0,0
stage5_no_skin_125g,0.025,0.026354,0.012095
stage5_no_skin_125g,0.05,0.195981,0.062307
stage5_no_skin_125g,0.075,0.493106,0.139762
stage5_no_skin_125g,0.1,0.7226,0.195641
stage5_no_skin_125g,0.125,0.740765,0.212723
stage5_no_skin_125g,0.15,0.742934,0.221098
stage5_no_skin_125g,0.175,0.913007,0.264555
stage5_no_skin_125g,0.2,1.201698,0.341033
stage5_no_skin_125g,0.225,1.422091,0.403568
stage5_no_skin_125g,0.25,1.497046,0.424519
stage5_no_skin_125g,0.275,1.488841,0.430721
stage5_no_skin_125g,0.3,1.602698,0.46769
stage5_no_skin_125g,0.325,1.897279,0.542605
stage5_no_skin_125g,0.35,2.162766,0.609592
stage5_no_skin_125g,0.375,2.225186,0.636151
stage5_no_skin_125g,0.4,2.21676,0.641446
stage5_no_skin_125g,0.425,2.335183,0.671699
stage5_no_skin_125g,0.45,2.587884,0.743776
stage5_no_skin_125g,0.475,2.863018,0.815034
stage5_no_skin_125g,0.5,2.980045,0.847521
stage5_no_skin_125g,0.525,2.964759,0.851938
stage5_no_skin_125g,0.55,3.025598,0.87745
stage5_no_skin_125g,0.575,3.298199,0.944299
stage5_no_skin_125g,0.6,3.579781,1.018913
stage5_no_skin_125g,0.625,3.70499,1.05795
stage5_no_skin_125g,0.65,3.709405,1.065522
stage5_no_skin_125g,0.675,3.768344,1.083377
stage5_no_skin_125g,0.7,3.977792,1.145357
stage5_no_skin_125g,0.725,4.276109,1.220963
stage5_no_skin_125g,0.75,4.456763,1.268348
stage5_no_skin_125g,0.775,4.457864,1.277646
stage5_no_skin_125g,0.8,4.478384,1.293196
stage5_no_skin_125g,0.825,4.686668,1.344296
stage5_no_skin_125g,0.85,4.978409,1.422823
stage5_no_skin_125g,0.875,5.1703,1.475846
stage5_no_skin_125g,0.9,5.209682,1.492733
stage5_no_skin_125g,0.925,5.22839,1.500286
stage5_no_skin_125g,0.95,5.369264,1.54769
stage5_no_skin_125g,0.975,5.670312,1.622122
stage5_no_skin_125g,1,5.906744,1.683461
stage5_no_skin_125g,1.025,5.932271,1.693503
stage5_no_skin_125g,1.05,5.756254,1.650837
stage5_no_skin_125g,1.075,5.601752,1.610954
stage5_no_skin_125g,1.1,5.644547,1.625348
stage5_no_skin_125g,1.125,5.861654,1.677533
stage5_no_skin_125g,1.15,5.968052,1.695167
stage5_no_skin_125g,1.175,5.796205,1.661228
stage5_no_skin_125g,1.2,5.597028,1.614136
stage5_no_skin_125g,1.2,5.597028,1.614136
stage5_no_skin_125g,1.205,5.577152,1.609982
stage5_no_skin_125g,1.21,5.572525,1.60917
stage5_no_skin_125g,1.215,5.574955,1.609904
stage5_no_skin_125g,1.22,5.597274,1.614175
stage5_no_skin_125g,1.225,5.623545,1.61913
stage5_no_skin_125g,1.23,5.665224,1.626835
stage5_no_skin_125g,1.235,5.708039,1.635001
stage5_no_skin_125g,1.24,5.754773,1.644756
stage5_no_skin_125g,1.245,5.799384,1.654904
stage5_no_skin_125g,1.25,5.840877,1.665627
stage5_no_skin_125g,1.255,5.882728,1.678758
stage5_no_skin_125g,1.26,5.931682,1.698562
stage5_no_skin_125g,1.265,6.002958,1.732543
stage5_no_skin_125g,1.27,6.111846,1.783982
stage5_no_skin_125g,1.275,6.280028,1.852655
stage5_no_skin_125g,1.28,6.524348,1.940478
stage5_no_skin_125g,1.285,6.852328,2.04681
stage5_no_skin_125g,1.29,7.270644,2.170889
stage5_no_skin_125g,1.295,7.779048,2.311871
stage5_no_skin_125g,1.3,8.368869,2.468251
stage5_no_skin_125g,1.305,9.023299,2.637786
stage5_no_skin_125g,1.31,9.71989,2.817774
stage5_no_skin_125g,1.315,10.435458,3.004599
stage5_no_skin_125g,1.32,11.14916,3.191877
stage5_no_skin_125g,1.325,11.845233,3.371005
stage5_no_skin_125g,1.33,12.507964,3.534507
stage5_no_skin_125g,1.335,13.110503,3.673654
stage5_no_skin_125g,1.34,13.614298,3.780561
stage5_no_skin_125g,1.345,13.984046,3.853956
stage5_no_skin_125g,1.35,14.190856,3.897686
stage5_no_skin_125g,1.355,14.233234,3.919179
stage5_no_skin_125g,1.36,14.146026,3.923849
stage5_no_skin_125g,1.365,13.952497,3.910374
stage5_no_skin_125g,1.37,13.67298,3.877237
stage5_no_skin_125g,1.375,13.335195,3.825499
stage5_no_skin_125g,1.38,12.974201,3.759529
stage5_no_skin_125g,1.385,12.629892,3.685467
stage5_no_skin_125g,1.39,12.321067,3.608939
stage5_no_skin_125g,1.395,12.059179,3.534863
stage5_no_skin_125g,1.4,11.853206,3.469289
stage5_no_skin_125g,1.405,11.71515,3.420583
stage5_no_skin_125g,1.41,11.649671,3.393936
stage5_no_skin_125g,1.415,11.658283,3.389545
stage5_no_skin_125g,1.42,11.739943,3.405556
stage5_no_skin_125g,1.425,11.882672,3.43759
stage5_no_skin_125g,1.43,12.077538,3.479635
stage5_no_skin_125g,1.435,12.307589,3.524406
stage5_no_skin_125g,1.44,12.550764,3.569286
stage5_no_skin_125g,1.445,12.777331,3.612616
stage5_no_skin_125g,1.45,12.960635,3.650909
stage5_no_skin_125g,1.455,13.071612,3.677669
stage5_no_skin_125g,1.46,13.101445,3.689093
stage5_no_skin_125g,1.465,13.041021,3.680783
stage5_no_skin_125g,1.47,12.893641,3.648958
stage5_no_skin_125g,1.475,12.665761,3.588339
stage5_no_skin_125g,1.48,12.359081,3.493313
stage5_no_skin_125g,1.485,11.976463,3.367112
stage5_no_skin_125g,1.49,11.510368,3.213776
stage5_no_skin_125g,1.495,10.952815,3.039399
stage5_no_skin_125g,1.5,10.292769,2.851109
stage5_no_skin_125g,1.505,9.54304,2.657978
stage5_no_skin_125g,1.51,8.734326,2.46595
stage5_no_skin_125g,1.515,7.902207,2.277262
stage5_no_skin_125g,1.52,7.090659,2.091909
stage5_no_skin_125g,1.525,6.353203,1.912059
stage5_no_skin_125g,1.53,5.715559,1.743786
stage5_no_skin_125g,1.535,5.193544,1.594772
stage5_no_skin_125g,1.54,4.787268,1.470726
stage5_no_skin_125g,1.545,4.478987,1.37331
stage5_no_skin_125g,1.55,4.269571,1.303893
stage5_no_skin_125g,1.555,4.135617,1.256285
stage5_no_skin_125g,1.56,4.067348,1.227447
stage5_no_skin_125g,1.565,4.065052,1.212287
stage5_no_skin_125g,1.57,4.13073,1.203446
stage5_no_skin_125g,1.575,4.213349,1.192096
stage5_no_skin_125g,1.58,4.273559,1.17226
stage5_no_skin_125g,1.585,4.284588,1.140403
stage5_no_skin_125g,1.59,4.22365,1.094609
stage5_no_skin_125g,1.595,4.064147,1.033252
stage5_no_skin_125g,1.6,3.789575,0.956748
stage5_no_skin_125g,1.605,3.400674,0.865622
stage5_no_skin_125g,1.61,2.908118,0.757757
stage5_no_skin_125g,1.615,2.337417,0.630942
stage5_no_skin_125g,1.62,1.73431,0.483627
stage5_no_skin_125g,1.625,1.153134,0.32118
stage5_no_skin_125g,1.63,0.603189,0.148783
stage5_no_skin_125g,1.635,0.344458,0.068272
stage5_no_skin_125g,1.64,0.906341,0.21172
stage5_no_skin_125g,1.645,1.438028,0.367966
stage5_no_skin_125g,1.65,1.930229,0.509031
stage5_no_skin_125g,1.655,2.373306,0.623113
stage5_no_skin_125g,1.66,2.730316,0.708097
stage5_no_skin_125g,1.665,2.963646,0.760972
stage5_no_skin_125g,1.67,3.088249,0.789597
stage5_no_skin_125g,1.675,3.091267,0.793095
stage5_no_skin_125g,1.68,2.979439,0.773169
stage5_no_skin_125g,1.685,2.759288,0.728596
stage5_no_skin_125g,1.69,2.455315,0.660387
stage5_no_skin_125g,1.695,2.097684,0.572007
stage5_no_skin_125g,1.7,1.714728,0.470693
stage5_no_skin_125g,1.705,1.33244,0.364856
stage5_no_skin_125g,1.71,0.983606,0.263712
stage5_no_skin_125g,1.715,0.663551,0.192481
stage5_no_skin_125g,1.72,0.51928,0.162331
stage5_no_skin_125g,1.725,0.464715,0.149435
stage5_no_skin_125g,1.73,0.449008,0.141086
stage5_no_skin_125g,1.735,0.466225,0.132973
stage5_no_skin_125g,1.74,0.493251,0.127958
stage5_no_skin_125g,1.745,0.429292,0.116867
stage5_no_skin_125g,1.75,0.320468,0.090647
stage5_no_skin_125g,1.755,0.272365,0.071075
stage5_no_skin_125g,1.76,0.294505,0.060256
stage5_no_skin_125g,1.765,0.448921,0.097124
stage5_no_skin_125g,1.77,0.632862,0.130153
stage5_no_skin_125g,1.775,0.755337,0.150985
stage5_no_skin_125g,1.78,0.783395,0.153556
stage5_no_skin_125g,1.785,0.69868,0.145887
stage5_no_skin_125g,1.79,0.550772,0.168559
stage5_no_skin_125g,1.795,0.68282,0.222266
stage5_no_skin_125g,1.8,0.847565,0.282926
stage5_no_skin_125g,1.805,1.082465,0.353749
stage5_no_skin_125g,1.81,1.56278,0.51171
stage5_no_skin_125g,1.815,2.298441,0.694263
stage5_no_skin_125g,1.82,3.088025,0.884604
stage5_no_skin_125g,1.825,3.892787,1.080447
stage5_no_skin_125g,1.83,4.690725,1.280579
stage5_no_skin_125g,1.835,5.446245,1.482679
stage5_no_skin_125g,1.84,6.147456,1.68097
stage5_no_skin_125g,1.845,6.777286,1.867719
stage5_no_skin_125g,1.85,7.325053,2.034459
stage5_no_skin_125g,1.855,7.779302,2.173508
stage5_no_skin_125g,1.86,8.127857,2.275271
stage5_no_skin_125g,1.865,8.359627,2.332558
stage5_no_skin_125g,1.87,8.468061,2.347214
stage5_no_skin_125g,1.875,8.436801,2.319299
stage5_no_skin_125g,1.88,8.255018,2.250235
stage5_no_skin_125g,1.885,7.929916,2.14805
stage5_no_skin_125g,1.89,7.482613,2.022628
stage5_no_skin_125g,1.895,6.925919,1.881274
stage5_no_skin_125g,1.9,6.287105,1.729168
stage5_no_skin_125g,1.9,6.287105,1.729168
stage5_no_skin_125g,1.925,3.263662,1.016762
stage5_no_skin_125g,1.95,3.705072,1.201817
stage5_no_skin_125g,1.975,7.234697,1.918276
stage5_no_skin_125g,2,8.73938,2.350365
stage5_no_skin_125g,2.025,6.304546,1.800894
stage5_no_skin_125g,2.05,3.335553,1.10661
stage5_no_skin_125g,2.075,3.722564,1.07798
stage5_no_skin_125g,2.1,6.314975,1.882084
stage5_no_skin_125g,2.125,8.804362,2.319587
stage5_no_skin_125g,2.15,6.996509,1.913463
stage5_no_skin_125g,2.175,3.552152,1.128556
stage5_no_skin_125g,2.2,3.221175,1.073934
stage5_volumetric_skin_125g,0,0,0
stage5_volumetric_skin_125g,0.025,0.025879,0.331158
stage5_volumetric_skin_125g,0.05,0.137756,1.185022
stage5_volumetric_skin_125g,0.075,0.205321,1.784013
stage5_volumetric_skin_125g,0.1,0.211997,1.967067
stage5_volumetric_skin_125g,0.125,0.289553,2.631919
stage5_volumetric_skin_125g,0.15,0.39703,3.45481
stage5_volumetric_skin_125g,0.175,0.413663,3.749076
stage5_volumetric_skin_125g,0.2,0.451712,4.110829
stage5_volumetric_skin_125g,0.225,0.562302,5.003259
stage5_volumetric_skin_125g,0.25,0.62462,5.526116
stage5_volumetric_skin_125g,0.275,0.627324,5.731763
stage5_volumetric_skin_125g,0.3,0.719311,6.445544
stage5_volumetric_skin_125g,0.325,0.815978,7.246943
stage5_volumetric_skin_125g,0.35,0.83334,7.478604
stage5_volumetric_skin_125g,0.375,0.872323,7.920606
stage5_volumetric_skin_125g,0.4,0.988218,8.781177
stage5_volumetric_skin_125g,0.425,1.040773,9.301745
stage5_volumetric_skin_125g,0.45,1.05305,9.508818
stage5_volumetric_skin_125g,0.475,1.138033,10.231905
stage5_volumetric_skin_125g,0.5,1.239849,11.011228
stage5_volumetric_skin_125g,0.525,1.251573,11.274218
stage5_volumetric_skin_125g,0.55,1.296059,11.678044
stage5_volumetric_skin_125g,0.575,1.407409,12.577965
stage5_volumetric_skin_125g,0.6,1.465099,13.067209
stage5_volumetric_skin_125g,0.625,1.471515,13.301912
stage5_volumetric_skin_125g,0.65,1.56207,13.99879
stage5_volumetric_skin_125g,0.675,1.658347,14.800246
stage5_volumetric_skin_125g,0.7,1.675689,15.03797
stage5_volumetric_skin_125g,0.725,1.715725,15.479765
stage5_volumetric_skin_125g,0.75,1.831706,16.343164
stage5_volumetric_skin_125g,0.775,1.882788,16.855428
stage5_volumetric_skin_125g,0.8,1.895125,17.058438
stage5_volumetric_skin_125g,0.825,1.981934,17.805759
stage5_volumetric_skin_125g,0.85,2.082985,18.564253
stage5_volumetric_skin_125g,0.875,2.094101,18.827979
stage5_volumetric_skin_125g,0.9,2.139353,19.245808
stage5_volumetric_skin_125g,0.925,2.250828,20.134174
stage5_volumetric_skin_125g,0.95,2.306456,20.620624
stage5_volumetric_skin_125g,0.975,2.31452,20.855632
stage5_volumetric_skin_125g,1,2.406199,21.567442
stage5_volumetric_skin_125g,1.025,2.474675,22.024871
stage5_volumetric_skin_125g,1.05,2.381628,21.414177
stage5_volumetric_skin_125g,1.075,2.351003,21.242856
stage5_volumetric_skin_125g,1.1,2.462265,21.930854
stage5_volumetric_skin_125g,1.125,2.440156,21.806192
stage5_volumetric_skin_125g,1.15,2.339774,21.143648
stage5_volumetric_skin_125g,1.175,2.404499,21.593269
stage5_volumetric_skin_125g,1.2,2.478158,22.020133
stage5_volumetric_skin_125g,1.2,2.478158,22.020133
stage5_volumetric_skin_125g,1.205,2.467265,21.970597
stage5_volumetric_skin_125g,1.21,2.44915,21.871468
stage5_volumetric_skin_125g,1.215,2.426899,21.74362
stage5_volumetric_skin_125g,1.22,2.401353,21.575512
stage5_volumetric_skin_125g,1.225,2.377936,21.415937
stage5_volumetric_skin_125g,1.23,2.357764,21.269372
stage5_volumetric_skin_125g,1.235,2.346414,21.184909
stage5_volumetric_skin_125g,1.24,2.339651,21.134063
stage5_volumetric_skin_125g,1.245,2.344062,21.169237
stage5_volumetric_skin_125g,1.25,2.357142,21.302777
stage5_volumetric_skin_125g,1.255,2.377862,21.523024
stage5_volumetric_skin_125g,1.26,2.42095,22.11408
stage5_volumetric_skin_125g,1.265,2.49608,23.128751
stage5_volumetric_skin_125g,1.27,2.616636,24.506351
stage5_volumetric_skin_125g,1.275,2.792452,26.20833
stage5_volumetric_skin_125g,1.28,3.022149,28.167553
stage5_volumetric_skin_125g,1.285,3.29782,30.32056
stage5_volumetric_skin_125g,1.29,3.603088,32.580207
stage5_volumetric_skin_125g,1.295,3.916296,34.827602
stage5_volumetric_skin_125g,1.3,4.21389,36.935386
stage5_volumetric_skin_125g,1.305,4.47193,38.792575
stage5_volumetric_skin_125g,1.31,4.668747,40.325869
stage5_volumetric_skin_125g,1.315,4.790889,41.497828
stage5_volumetric_skin_125g,1.32,4.839845,42.295308
stage5_volumetric_skin_125g,1.325,4.832272,42.733757
stage5_volumetric_skin_125g,1.33,4.793508,42.879939
stage5_volumetric_skin_125g,1.335,4.746978,42.813752
stage5_volumetric_skin_125g,1.34,4.708377,42.690657
stage5_volumetric_skin_125g,1.345,4.684171,42.633634
stage5_volumetric_skin_125g,1.35,4.683226,42.758019
stage5_volumetric_skin_125g,1.355,4.7198,43.15453
stage5_volumetric_skin_125g,1.36,4.812497,43.917272
stage5_volumetric_skin_125g,1.365,4.951912,45.008921
stage5_volumetric_skin_125g,1.37,5.12422,46.362771
stage5_volumetric_skin_125g,1.375,5.31432,47.840946
stage5_volumetric_skin_125g,1.38,5.5079,49.274727
stage5_volumetric_skin_125g,1.385,5.685501,50.465481
stage5_volumetric_skin_125g,1.39,5.825916,51.271407
stage5_volumetric_skin_125g,1.395,5.912513,51.629797
stage5_volumetric_skin_125g,1.4,5.933592,51.577258
stage5_volumetric_skin_125g,1.405,5.884013,51.211699
stage5_volumetric_skin_125g,1.41,5.761953,50.57431
stage5_volumetric_skin_125g,1.415,5.58568,49.658544
stage5_volumetric_skin_125g,1.42,5.381875,48.47006
stage5_volumetric_skin_125g,1.425,5.178249,47.103094
stage5_volumetric_skin_125g,1.43,4.999545,45.752343
stage5_volumetric_skin_125g,1.435,4.867161,44.6328
stage5_volumetric_skin_125g,1.44,4.789691,43.84288
stage5_volumetric_skin_125g,1.445,4.758475,43.365824
stage5_volumetric_skin_125g,1.45,4.762293,43.175655
stage5_volumetric_skin_125g,1.455,4.789651,43.206058
stage5_volumetric_skin_125g,1.46,4.829994,43.357638
stage5_volumetric_skin_125g,1.465,4.872132,43.51204
stage5_volumetric_skin_125g,1.47,4.905152,43.540742
stage5_volumetric_skin_125g,1.475,4.915427,43.303614
stage5_volumetric_skin_125g,1.48,4.88525,42.695382
stage5_volumetric_skin_125g,1.485,4.79478,41.663325
stage5_volumetric_skin_125g,1.49,4.626336,40.172444
stage5_volumetric_skin_125g,1.495,4.39132,38.31576
stage5_volumetric_skin_125g,1.5,4.106273,36.193702
stage5_volumetric_skin_125g,1.505,3.794873,33.935744
stage5_volumetric_skin_125g,1.51,3.482751,31.671288
stage5_volumetric_skin_125g,1.515,3.197026,29.550241
stage5_volumetric_skin_125g,1.52,2.951889,27.65882
stage5_volumetric_skin_125g,1.525,2.758918,26.04286
stage5_volumetric_skin_125g,1.53,2.624555,24.716177
stage5_volumetric_skin_125g,1.535,2.546844,23.672342
stage5_volumetric_skin_125g,1.54,2.517436,22.917063
stage5_volumetric_skin_125g,1.545,2.509276,22.385678
stage5_volumetric_skin_125g,1.55,2.501057,22.011795
stage5_volumetric_skin_125g,1.555,2.476731,21.654961
stage5_volumetric_skin_125g,1.56,2.424128,21.101054
stage5_volumetric_skin_125g,1.565,2.328243,20.110422
stage5_volumetric_skin_125g,1.57,2.184416,18.676125
stage5_volumetric_skin_125g,1.575,1.993736,16.911968
stage5_volumetric_skin_125g,1.58,1.760176,14.912584
stage5_volumetric_skin_125g,1.585,1.489586,12.729024
stage5_volumetric_skin_125g,1.59,1.189149,10.423901
stage5_volumetric_skin_125g,1.595,0.877234,8.14857
stage5_volumetric_skin_125g,1.6,0.577444,6.050115
stage5_volumetric_skin_125g,1.605,0.344408,4.268712
stage5_volumetric_skin_125g,1.61,0.206636,2.789338
stage5_volumetric_skin_125g,1.615,0.129982,1.659774
stage5_volumetric_skin_125g,1.62,0.082069,0.949614
stage5_volumetric_skin_125g,1.625,0.045942,0.620626
stage5_volumetric_skin_125g,1.63,0.05637,0.596854
stage5_volumetric_skin_125g,1.635,0.109652,0.717498
stage5_volumetric_skin_125g,1.64,0.155641,0.819793
stage5_volumetric_skin_125g,1.645,0.179415,0.838055
stage5_volumetric_skin_125g,1.65,0.1626,0.610589
stage5_volumetric_skin_125g,1.655,0.092365,0.274591
stage5_volumetric_skin_125g,1.66,0.045748,0.916279
stage5_volumetric_skin_125g,1.665,0.18333,2.141768
stage5_volumetric_skin_125g,1.67,0.357261,3.532115
stage5_volumetric_skin_125g,1.675,0.541849,4.954207
stage5_volumetric_skin_125g,1.68,0.728799,6.287416
stage5_volumetric_skin_125g,1.685,0.901285,7.398552
stage5_volumetric_skin_125g,1.69,1.035719,8.160295
stage5_volumetric_skin_125g,1.695,1.110744,8.507075
stage5_volumetric_skin_125g,1.7,1.106177,8.409461
stage5_volumetric_skin_125g,1.705,1.037038,7.97489
stage5_volumetric_skin_125g,1.71,0.903225,7.184832
stage5_volumetric_skin_125g,1.715,0.719505,6.091571
stage5_volumetric_skin_125g,1.72,0.512069,4.825111
stage5_volumetric_skin_125g,1.725,0.328847,3.563859
stage5_volumetric_skin_125g,1.73,0.19576,2.411964
stage5_volumetric_skin_125g,1.735,0.101412,1.406432
stage5_volumetric_skin_125g,1.74,0.053397,0.633251
stage5_volumetric_skin_125g,1.745,0.053324,0.248321
stage5_volumetric_skin_125g,1.75,0.040864,0.160525
stage5_volumetric_skin_125g,1.755,0.024773,0.29903
stage5_volumetric_skin_125g,1.76,0.074976,0.593479
stage5_volumetric_skin_125g,1.765,0.123671,0.83089
stage5_volumetric_skin_125g,1.77,0.154523,0.813355
stage5_volumetric_skin_125g,1.775,0.144815,0.442341
stage5_volumetric_skin_125g,1.78,0.07964,0.470004
stage5_volumetric_skin_125g,1.785,0.102867,1.751191
stage5_volumetric_skin_125g,1.79,0.247298,3.419169
stage5_volumetric_skin_125g,1.795,0.481526,5.31539
stage5_volumetric_skin_125g,1.8,0.765658,7.346239
stage5_volumetric_skin_125g,1.805,1.074358,9.481639
stage5_volumetric_skin_125g,1.81,1.384425,11.677851
stage5_volumetric_skin_125g,1.815,1.667885,13.816404
stage5_volumetric_skin_125g,1.82,1.900074,15.737318
stage5_volumetric_skin_125g,1.825,2.06733,17.31917
stage5_volumetric_skin_125g,1.83,2.168827,18.509829
stage5_volumetric_skin_125g,1.835,2.21595,19.308348
stage5_volumetric_skin_125g,1.84,2.229227,19.802973
stage5_volumetric_skin_125g,1.845,2.231533,20.191228
stage5_volumetric_skin_125g,1.85,2.243978,20.648497
stage5_volumetric_skin_125g,1.855,2.280188,21.091829
stage5_volumetric_skin_125g,1.86,2.338136,21.337992
stage5_volumetric_skin_125g,1.865,2.404457,21.516209
stage5_volumetric_skin_125g,1.87,2.465863,21.766543
stage5_volumetric_skin_125g,1.875,2.515999,22.103534
stage5_volumetric_skin_125g,1.88,2.550171,22.453084
stage5_volumetric_skin_125g,1.885,2.567792,22.681019
stage5_volumetric_skin_125g,1.89,2.567767,22.699812
stage5_volumetric_skin_125g,1.895,2.547014,22.51594
stage5_volumetric_skin_125g,1.9,2.504327,22.205293
stage5_volumetric_skin_125g,1.9,2.504327,22.205293
stage5_volumetric_skin_125g,1.925,2.271771,20.64364
stage5_volumetric_skin_125g,1.95,2.388154,21.342167
stage5_volumetric_skin_125g,1.975,2.573361,22.534644
stage5_volumetric_skin_125g,2,2.332098,21.337148
stage5_volumetric_skin_125g,2.025,2.294132,20.91201
stage5_volumetric_skin_125g,2.05,2.539006,22.386492
stage5_volumetric_skin_125g,2.075,2.449784,21.910462
stage5_volumetric_skin_125g,2.1,2.252921,20.676467
stage5_volumetric_skin_125g,2.125,2.448337,21.747072
stage5_volumetric_skin_125g,2.15,2.551903,22.303058
stage5_volumetric_skin_125g,2.175,2.28666,20.883705
stage5_volumetric_skin_125g,2.2,2.348204,21.091513
stage5_volumetric_skin_soft_interior_125g,0,0,0
stage5_volumetric_skin_soft_interior_125g,0.025,0.02585,0.363112
stage5_volumetric_skin_soft_interior_125g,0.05,0.178346,1.419758
stage5_volumetric_skin_soft_interior_125g,0.075,0.414569,2.683305
stage5_volumetric_skin_soft_interior_125g,0.1,0.545285,3.486967
stage5_volumetric_skin_soft_interior_125g,0.125,0.522201,3.784483
stage5_volumetric_skin_soft_interior_125g,0.15,0.584939,4.321448
stage5_volumetric_skin_soft_interior_125g,0.175,0.80198,5.511907
stage5_volumetric_skin_soft_interior_125g,0.2,1.007084,6.738657
stage5_volumetric_skin_soft_interior_125g,0.225,1.064259,7.297647
stage5_volumetric_skin_soft_interior_125g,0.25,1.068814,7.559922
stage5_volumetric_skin_soft_interior_125g,0.275,1.179566,8.378597
stage5_volumetric_skin_soft_interior_125g,0.3,1.399346,9.626806
stage5_volumetric_skin_soft_interior_125g,0.325,1.580134,10.679989
stage5_volumetric_skin_soft_interior_125g,0.35,1.607023,11.083827
stage5_volumetric_skin_soft_interior_125g,0.375,1.605685,11.429485
stage5_volumetric_skin_soft_interior_125g,0.4,1.780177,12.432378
stage5_volumetric_skin_soft_interior_125g,0.425,2.014758,13.758583
stage5_volumetric_skin_soft_interior_125g,0.45,2.129531,14.546064
stage5_volumetric_skin_soft_interior_125g,0.475,2.122598,14.82073
stage5_volumetric_skin_soft_interior_125g,0.5,2.188484,15.424088
stage5_volumetric_skin_soft_interior_125g,0.525,2.389755,16.513598
stage5_volumetric_skin_soft_interior_125g,0.55,2.592353,17.799823
stage5_volumetric_skin_soft_interior_125g,0.575,2.676432,18.374229
stage5_volumetric_skin_soft_interior_125g,0.6,2.667074,18.621426
stage5_volumetric_skin_soft_interior_125g,0.625,2.756599,19.409342
stage5_volumetric_skin_soft_interior_125g,0.65,3.007786,20.687236
stage5_volumetric_skin_soft_interior_125g,0.675,3.175483,21.729478
stage5_volumetric_skin_soft_interior_125g,0.7,3.195209,22.145705
stage5_volumetric_skin_soft_interior_125g,0.725,3.208935,22.515585
stage5_volumetric_skin_soft_interior_125g,0.75,3.377284,23.451724
stage5_volumetric_skin_soft_interior_125g,0.775,3.599492,24.801531
stage5_volumetric_skin_soft_interior_125g,0.8,3.720854,25.610586
stage5_volumetric_skin_soft_interior_125g,0.825,3.743467,25.923957
stage5_volumetric_skin_soft_interior_125g,0.85,3.779237,26.455013
stage5_volumetric_skin_soft_interior_125g,0.875,3.959198,27.560449
stage5_volumetric_skin_soft_interior_125g,0.9,4.200887,28.782846
stage5_volumetric_skin_soft_interior_125g,0.925,4.281135,29.499512
stage5_volumetric_skin_soft_interior_125g,0.95,4.266784,29.776305
stage5_volumetric_skin_soft_interior_125g,0.975,4.359829,30.399403
stage5_volumetric_skin_soft_interior_125g,1,4.574118,31.642527
stage5_volumetric_skin_soft_interior_125g,1.025,4.736532,32.436244
stage5_volumetric_skin_soft_interior_125g,1.05,4.643478,31.884997
stage5_volumetric_skin_soft_interior_125g,1.075,4.41933,30.962072
stage5_volumetric_skin_soft_interior_125g,1.1,4.389556,30.937475
stage5_volumetric_skin_soft_interior_125g,1.125,4.636809,31.891825
stage5_volumetric_skin_soft_interior_125g,1.15,4.766999,32.440219
stage5_volumetric_skin_soft_interior_125g,1.175,4.563534,31.649084
stage5_volumetric_skin_soft_interior_125g,1.2,4.359343,30.741126
stage5_volumetric_skin_soft_interior_125g,1.2,4.359343,30.741126
stage5_volumetric_skin_soft_interior_125g,1.205,4.359176,30.72291
stage5_volumetric_skin_soft_interior_125g,1.21,4.36898,30.74924
stage5_volumetric_skin_soft_interior_125g,1.215,4.392766,30.838038
stage5_volumetric_skin_soft_interior_125g,1.22,4.430251,30.994403
stage5_volumetric_skin_soft_interior_125g,1.225,4.472859,31.177011
stage5_volumetric_skin_soft_interior_125g,1.23,4.522985,31.402529
stage5_volumetric_skin_soft_interior_125g,1.235,4.572983,31.63064
stage5_volumetric_skin_soft_interior_125g,1.24,4.622848,31.861389
stage5_volumetric_skin_soft_interior_125g,1.245,4.66545,32.058469
stage5_volumetric_skin_soft_interior_125g,1.25,4.705268,32.276758
stage5_volumetric_skin_soft_interior_125g,1.255,4.739408,32.593026
stage5_volumetric_skin_soft_interior_125g,1.26,4.781554,33.177748
stage5_volumetric_skin_soft_interior_125g,1.265,4.833759,34.014737
stage5_volumetric_skin_soft_interior_125g,1.27,4.921193,35.316088
stage5_volumetric_skin_soft_interior_125g,1.275,5.061933,36.987265
stage5_volumetric_skin_soft_interior_125g,1.28,5.262719,38.971962
stage5_volumetric_skin_soft_interior_125g,1.285,5.532015,41.245527
stage5_volumetric_skin_soft_interior_125g,1.29,5.874844,43.775437
stage5_volumetric_skin_soft_interior_125g,1.295,6.292273,46.522206
stage5_volumetric_skin_soft_interior_125g,1.3,6.786815,49.45083
stage5_volumetric_skin_soft_interior_125g,1.305,7.335879,52.469362
stage5_volumetric_skin_soft_interior_125g,1.31,7.910421,55.491876
stage5_volumetric_skin_soft_interior_125g,1.315,8.489164,58.448392
stage5_volumetric_skin_soft_interior_125g,1.32,9.052286,61.271378
stage5_volumetric_skin_soft_interior_125g,1.325,9.574463,63.858382
stage5_volumetric_skin_soft_interior_125g,1.33,10.034377,66.133215
stage5_volumetric_skin_soft_interior_125g,1.335,10.411546,68.033879
stage5_volumetric_skin_soft_interior_125g,1.34,10.681637,69.492677
stage5_volumetric_skin_soft_interior_125g,1.345,10.83733,70.517624
stage5_volumetric_skin_soft_interior_125g,1.35,10.874748,71.124507
stage5_volumetric_skin_soft_interior_125g,1.355,10.797611,71.342174
stage5_volumetric_skin_soft_interior_125g,1.36,10.6215,71.210082
stage5_volumetric_skin_soft_interior_125g,1.365,10.372182,70.774211
stage5_volumetric_skin_soft_interior_125g,1.37,10.087705,70.116696
stage5_volumetric_skin_soft_interior_125g,1.375,9.802519,69.335518
stage5_volumetric_skin_soft_interior_125g,1.38,9.554464,68.541276
stage5_volumetric_skin_soft_interior_125g,1.385,9.371274,67.84952
stage5_volumetric_skin_soft_interior_125g,1.39,9.263354,67.332605
stage5_volumetric_skin_soft_interior_125g,1.395,9.230314,67.029627
stage5_volumetric_skin_soft_interior_125g,1.4,9.272745,67.000356
stage5_volumetric_skin_soft_interior_125g,1.405,9.37602,67.236193
stage5_volumetric_skin_soft_interior_125g,1.41,9.536936,67.734689
stage5_volumetric_skin_soft_interior_125g,1.415,9.75106,68.453059
stage5_volumetric_skin_soft_interior_125g,1.42,10.003013,69.325298
stage5_volumetric_skin_soft_interior_125g,1.425,10.261878,70.24597
stage5_volumetric_skin_soft_interior_125g,1.43,10.504467,71.116864
stage5_volumetric_skin_soft_interior_125g,1.435,10.706348,71.823122
stage5_volumetric_skin_soft_interior_125g,1.44,10.842466,72.263948
stage5_volumetric_skin_soft_interior_125g,1.445,10.897359,72.381945
stage5_volumetric_skin_soft_interior_125g,1.45,10.859632,72.107215
stage5_volumetric_skin_soft_interior_125g,1.455,10.71655,71.29555
stage5_volumetric_skin_soft_interior_125g,1.46,10.482281,69.918466
stage5_volumetric_skin_soft_interior_125g,1.465,10.165,67.988926
stage5_volumetric_skin_soft_interior_125g,1.47,9.771749,65.550397
stage5_volumetric_skin_soft_interior_125g,1.475,9.305845,62.676764
stage5_volumetric_skin_soft_interior_125g,1.48,8.796877,59.629171
stage5_volumetric_skin_soft_interior_125g,1.485,8.261685,56.564795
stage5_volumetric_skin_soft_interior_125g,1.49,7.718895,53.592896
stage5_volumetric_skin_soft_interior_125g,1.495,7.190801,50.767688
stage5_volumetric_skin_soft_interior_125g,1.5,6.695315,48.085414
stage5_volumetric_skin_soft_interior_125g,1.505,6.247818,45.578302
stage5_volumetric_skin_soft_interior_125g,1.51,5.864932,43.323657
stage5_volumetric_skin_soft_interior_125g,1.515,5.552382,41.356167
stage5_volumetric_skin_soft_interior_125g,1.52,5.305898,39.641918
stage5_volumetric_skin_soft_interior_125g,1.525,5.123505,38.144766
stage5_volumetric_skin_soft_interior_125g,1.53,5.008519,36.867201
stage5_volumetric_skin_soft_interior_125g,1.535,4.946555,35.79113
stage5_volumetric_skin_soft_interior_125g,1.54,4.924545,34.898077
stage5_volumetric_skin_soft_interior_125g,1.545,4.927462,34.129177
stage5_volumetric_skin_soft_interior_125g,1.55,4.934055,33.363332
stage5_volumetric_skin_soft_interior_125g,1.555,4.921517,32.466722
stage5_volumetric_skin_soft_interior_125g,1.56,4.871352,31.350649
stage5_volumetric_skin_soft_interior_125g,1.565,4.76247,29.957041
stage5_volumetric_skin_soft_interior_125g,1.57,4.572445,28.252568
stage5_volumetric_skin_soft_interior_125g,1.575,4.297056,26.240628
stage5_volumetric_skin_soft_interior_125g,1.58,3.931412,23.89029
stage5_volumetric_skin_soft_interior_125g,1.585,3.467591,21.168588
stage5_volumetric_skin_soft_interior_125g,1.59,2.918562,18.146702
stage5_volumetric_skin_soft_interior_125g,1.595,2.306361,14.92924
stage5_volumetric_skin_soft_interior_125g,1.6,1.656404,11.610424
stage5_volumetric_skin_soft_interior_125g,1.605,1.009219,8.305928
stage5_volumetric_skin_soft_interior_125g,1.61,0.572832,5.121197
stage5_volumetric_skin_soft_interior_125g,1.615,0.298371,2.183988
stage5_volumetric_skin_soft_interior_125g,1.62,0.600338,0.887067
stage5_volumetric_skin_soft_interior_125g,1.625,0.924986,2.506761
stage5_volumetric_skin_soft_interior_125g,1.63,1.135,4.109436
stage5_volumetric_skin_soft_interior_125g,1.635,1.239753,5.205189
stage5_volumetric_skin_soft_interior_125g,1.64,1.254327,5.832855
stage5_volumetric_skin_soft_interior_125g,1.645,1.194294,6.056433
stage5_volumetric_skin_soft_interior_125g,1.65,1.076066,5.946054
stage5_volumetric_skin_soft_interior_125g,1.655,0.919687,5.562883
stage5_volumetric_skin_soft_interior_125g,1.66,0.740735,4.980542
stage5_volumetric_skin_soft_interior_125g,1.665,0.588112,4.306827
stage5_volumetric_skin_soft_interior_125g,1.67,0.519297,3.66458
stage5_volumetric_skin_soft_interior_125g,1.675,0.46576,3.187902
stage5_volumetric_skin_soft_interior_125g,1.68,0.40775,3.017318
stage5_volumetric_skin_soft_interior_125g,1.685,0.355469,3.245065
stage5_volumetric_skin_soft_interior_125g,1.69,0.338027,3.852129
stage5_volumetric_skin_soft_interior_125g,1.695,0.379346,4.708117
stage5_volumetric_skin_soft_interior_125g,1.7,0.5061,5.657905
stage5_volumetric_skin_soft_interior_125g,1.705,0.732195,6.605175
stage5_volumetric_skin_soft_interior_125g,1.71,1.012333,7.508329
stage5_volumetric_skin_soft_interior_125g,1.715,1.30376,8.327287
stage5_volumetric_skin_soft_interior_125g,1.72,1.571725,9.03871
stage5_volumetric_skin_soft_interior_125g,1.725,1.786057,9.61967
stage5_volumetric_skin_soft_interior_125g,1.73,1.931322,10.044289
stage5_volumetric_skin_soft_interior_125g,1.735,1.998187,10.267841
stage5_volumetric_skin_soft_interior_125g,1.74,1.979099,10.212579
stage5_volumetric_skin_soft_interior_125g,1.745,1.870792,9.771723
stage5_volumetric_skin_soft_interior_125g,1.75,1.674035,8.830408
stage5_volumetric_skin_soft_interior_125g,1.755,1.391524,7.338318
stage5_volumetric_skin_soft_interior_125g,1.76,1.029952,5.342988
stage5_volumetric_skin_soft_interior_125g,1.765,0.60416,2.939682
stage5_volumetric_skin_soft_interior_125g,1.77,0.148769,0.381617
stage5_volumetric_skin_soft_interior_125g,1.775,0.436971,2.859333
stage5_volumetric_skin_soft_interior_125g,1.78,0.896851,5.968749
stage5_volumetric_skin_soft_interior_125g,1.785,1.39195,9.037734
stage5_volumetric_skin_soft_interior_125g,1.79,1.871034,11.910555
stage5_volumetric_skin_soft_interior_125g,1.795,2.319742,14.49565
stage5_volumetric_skin_soft_interior_125g,1.8,2.723817,16.730655
stage5_volumetric_skin_soft_interior_125g,1.805,3.066787,18.584523
stage5_volumetric_skin_soft_interior_125g,1.81,3.335804,20.073895
stage5_volumetric_skin_soft_interior_125g,1.815,3.521626,21.246462
stage5_volumetric_skin_soft_interior_125g,1.82,3.6197,22.151563
stage5_volumetric_skin_soft_interior_125g,1.825,3.634083,22.849194
stage5_volumetric_skin_soft_interior_125g,1.83,3.581558,23.441812
stage5_volumetric_skin_soft_interior_125g,1.835,3.492374,24.07405
stage5_volumetric_skin_soft_interior_125g,1.84,3.408958,24.876705
stage5_volumetric_skin_soft_interior_125g,1.845,3.373769,25.916963
stage5_volumetric_skin_soft_interior_125g,1.85,3.443878,27.218255
stage5_volumetric_skin_soft_interior_125g,1.855,3.605952,28.672718
stage5_volumetric_skin_soft_interior_125g,1.86,3.840837,30.056595
stage5_volumetric_skin_soft_interior_125g,1.865,4.160853,31.344542
stage5_volumetric_skin_soft_interior_125g,1.87,4.521435,32.548481
stage5_volumetric_skin_soft_interior_125g,1.875,4.888228,33.684146
stage5_volumetric_skin_soft_interior_125g,1.88,5.233376,34.748561
stage5_volumetric_skin_soft_interior_125g,1.885,5.529534,35.662815
stage5_volumetric_skin_soft_interior_125g,1.89,5.753007,36.313858
stage5_volumetric_skin_soft_interior_125g,1.895,5.887898,36.615403
stage5_volumetric_skin_soft_interior_125g,1.9,5.926216,36.542111
stage5_volumetric_skin_soft_interior_125g,1.9,5.926216,36.542111
stage5_volumetric_skin_soft_interior_125g,1.925,4.657133,31.736253
stage5_volumetric_skin_soft_interior_125g,1.95,3.342721,26.95515
stage5_volumetric_skin_soft_interior_125g,1.975,4.183534,28.710902
stage5_volumetric_skin_soft_interior_125g,2,5.550155,35.767919
stage5_volumetric_skin_soft_interior_125g,2.025,5.295275,36.117647
stage5_volumetric_skin_soft_interior_125g,2.05,4.183478,28.417869
stage5_volumetric_skin_soft_interior_125g,2.075,3.448972,27.153722
stage5_volumetric_skin_soft_interior_125g,2.1,4.410154,31.573598
stage5_volumetric_skin_soft_interior_125g,2.125,5.824005,36.42557
stage5_volumetric_skin_soft_interior_125g,2.15,5.189658,34.014942
stage5_volumetric_skin_soft_interior_125g,2.175,3.410049,27.287099
stage5_volumetric_skin_soft_interior_125g,2.2,3.709767,27.346378
full_gland_088kPa,0.0000,6.1484e-13,5.412e-11
full_gland_088kPa,0.025000,0.026363,0.11973
full_gland_088kPa,0.050000,0.20397,0.53051
full_gland_088kPa,0.075000,0.60456,1.1975
full_gland_088kPa,0.10000,1.0918,1.9309
full_gland_088kPa,0.12500,1.404,2.4849
full_gland_088kPa,0.15000,1.4972,2.7656
full_gland_088kPa,0.17500,1.5054,2.8728
full_gland_088kPa,0.20000,1.5803,3.0668
full_gland_088kPa,0.22500,1.8562,3.5812
full_gland_088kPa,0.25000,2.307,4.3421
full_gland_088kPa,0.27500,2.7506,5.0102
full_gland_088kPa,0.30000,2.9805,5.4568
full_gland_088kPa,0.32500,3.0003,5.6309
full_gland_088kPa,0.35000,3.0225,5.7427
full_gland_088kPa,0.37500,3.1792,6.0782
full_gland_088kPa,0.40000,3.5275,6.6929
full_gland_088kPa,0.42500,4.0083,7.4407
full_gland_088kPa,0.45000,4.38,8.0688
full_gland_088kPa,0.47500,4.5153,8.3777
full_gland_088kPa,0.50000,4.5031,8.4785
full_gland_088kPa,0.52500,4.5662,8.6706
full_gland_088kPa,0.55000,4.8112,9.1153
full_gland_088kPa,0.57500,5.2219,9.8308
full_gland_088kPa,0.60000,5.6868,10.548
full_gland_088kPa,0.62500,5.9744,11.032
full_gland_088kPa,0.65000,6.0203,11.273
full_gland_088kPa,0.67500,6.018,11.365
full_gland_088kPa,0.70000,6.1427,11.612
full_gland_088kPa,0.72500,6.4749,12.213
full_gland_088kPa,0.75000,6.9238,12.976
full_gland_088kPa,0.77500,7.3321,13.596
full_gland_088kPa,0.80000,7.5252,13.976
full_gland_088kPa,0.82500,7.5299,14.129
full_gland_088kPa,0.85000,7.544,14.279
full_gland_088kPa,0.87500,7.7616,14.648
full_gland_088kPa,0.90000,8.1522,15.293
full_gland_088kPa,0.92500,8.5973,16.072
full_gland_088kPa,0.95000,8.9361,16.626
full_gland_088kPa,0.97500,9.0686,16.883
full_gland_088kPa,1.0000,9.0495,17.01
full_gland_088kPa,1.0250,9.0743,17.113
full_gland_088kPa,1.0500,9.1956,17.171
full_gland_088kPa,1.0750,9.2386,17.225
full_gland_088kPa,1.1000,9.1757,17.212
full_gland_088kPa,1.1250,9.1155,17.123
full_gland_088kPa,1.1500,9.084,17.02
full_gland_088kPa,1.1750,9.0541,17
full_gland_088kPa,1.2000,9.1167,17.126
full_gland_088kPa,1.2000,9.1167,17.126
full_gland_088kPa,1.2050,9.1371,17.159
full_gland_088kPa,1.2100,9.1572,17.187
full_gland_088kPa,1.2150,9.1766,17.212
full_gland_088kPa,1.2200,9.1936,17.227
full_gland_088kPa,1.2250,9.2094,17.238
full_gland_088kPa,1.2300,9.2222,17.24
full_gland_088kPa,1.2350,9.2325,17.239
full_gland_088kPa,1.2400,9.2391,17.233
full_gland_088kPa,1.2450,9.2409,17.225
full_gland_088kPa,1.2500,9.2381,17.217
full_gland_088kPa,1.2550,9.2372,17.262
full_gland_088kPa,1.2600,9.2436,17.38
full_gland_088kPa,1.2650,9.275,17.658
full_gland_088kPa,1.2700,9.3615,18.119
full_gland_088kPa,1.2750,9.5095,18.718
full_gland_088kPa,1.2800,9.7311,19.457
full_gland_088kPa,1.2850,10.038,20.334
full_gland_088kPa,1.2900,10.474,21.379
full_gland_088kPa,1.2950,11.035,22.565
full_gland_088kPa,1.3000,11.712,23.871
full_gland_088kPa,1.3050,12.504,25.291
full_gland_088kPa,1.3100,13.414,26.823
full_gland_088kPa,1.3150,14.448,28.466
full_gland_088kPa,1.3200,15.554,30.168
full_gland_088kPa,1.3250,16.713,31.905
full_gland_088kPa,1.3300,17.906,33.656
full_gland_088kPa,1.3350,19.105,35.376
full_gland_088kPa,1.3400,20.264,37.014
full_gland_088kPa,1.3450,21.358,38.553
full_gland_088kPa,1.3500,22.352,39.956
full_gland_088kPa,1.3550,23.203,41.189
full_gland_088kPa,1.3600,23.888,42.237
full_gland_088kPa,1.3650,24.391,43.084
full_gland_088kPa,1.3700,24.705,43.716
full_gland_088kPa,1.3750,24.838,44.125
full_gland_088kPa,1.3800,24.81,44.308
full_gland_088kPa,1.3850,24.638,44.256
full_gland_088kPa,1.3900,24.344,43.982
full_gland_088kPa,1.3950,23.948,43.503
full_gland_088kPa,1.4000,23.456,42.834
full_gland_088kPa,1.4050,22.864,41.989
full_gland_088kPa,1.4100,22.173,40.986
full_gland_088kPa,1.4150,21.407,39.87
full_gland_088kPa,1.4200,20.595,38.668
full_gland_088kPa,1.4250,19.77,37.415
full_gland_088kPa,1.4300,18.961,36.148
full_gland_088kPa,1.4350,18.196,34.907
full_gland_088kPa,1.4400,17.488,33.728
full_gland_088kPa,1.4450,16.849,32.646
full_gland_088kPa,1.4500,16.293,31.695
full_gland_088kPa,1.4550,15.831,30.901
full_gland_088kPa,1.4600,15.482,30.292
full_gland_088kPa,1.4650,15.242,29.855
full_gland_088kPa,1.4700,15.103,29.575
full_gland_088kPa,1.4750,15.057,29.437
full_gland_088kPa,1.4800,15.096,29.417
full_gland_088kPa,1.4850,15.211,29.476
full_gland_088kPa,1.4900,15.378,29.545
full_gland_088kPa,1.4950,15.571,29.559
full_gland_088kPa,1.5000,15.764,29.467
full_gland_088kPa,1.5050,15.932,29.251
full_gland_088kPa,1.5100,16.046,28.923
full_gland_088kPa,1.5150,16.073,28.506
full_gland_088kPa,1.5200,15.997,28.002
full_gland_088kPa,1.5250,15.797,27.379
full_gland_088kPa,1.5300,15.453,26.606
full_gland_088kPa,1.5350,14.951,25.67
full_gland_088kPa,1.5400,14.268,24.541
full_gland_088kPa,1.5450,13.43,23.224
full_gland_088kPa,1.5500,12.451,21.712
full_gland_088kPa,1.5550,11.35,20.015
full_gland_088kPa,1.5600,10.152,18.156
full_gland_088kPa,1.5650,8.8824,16.154
full_gland_088kPa,1.5700,7.5842,14.061
full_gland_088kPa,1.5750,6.2878,11.917
full_gland_088kPa,1.5800,5.0144,9.7626
full_gland_088kPa,1.5850,3.7757,7.6417
full_gland_088kPa,1.5900,2.5873,5.6193
full_gland_088kPa,1.5950,1.4501,3.7187
full_gland_088kPa,1.6000,0.48435,1.98
full_gland_088kPa,1.6050,0.63008,0.73122
full_gland_088kPa,1.6100,1.5002,1.0306
full_gland_088kPa,1.6150,2.2622,2.1521
full_gland_088kPa,1.6200,2.8787,3.1232
full_gland_088kPa,1.6250,3.3333,3.899
full_gland_088kPa,1.6300,3.6127,4.4755
full_gland_088kPa,1.6350,3.7206,4.8515
full_gland_088kPa,1.6400,3.6739,5.0285
full_gland_088kPa,1.6450,3.4922,5.0133
full_gland_088kPa,1.6500,3.197,4.8233
full_gland_088kPa,1.6550,2.8092,4.4813
full_gland_088kPa,1.6600,2.3506,4.013
full_gland_088kPa,1.6650,1.8518,3.4614
full_gland_088kPa,1.6700,1.3398,2.8691
full_gland_088kPa,1.6750,0.88468,2.2781
full_gland_088kPa,1.6800,0.68536,1.7241
full_gland_088kPa,1.6850,0.5655,1.2387
full_gland_088kPa,1.6900,0.47326,0.85678
full_gland_088kPa,1.6950,0.52172,0.68128
full_gland_088kPa,1.7000,0.59173,0.68996
full_gland_088kPa,1.7050,0.54476,0.62224
full_gland_088kPa,1.7100,0.38645,0.64091
full_gland_088kPa,1.7150,0.26153,0.98771
full_gland_088kPa,1.7200,0.34787,1.4344
full_gland_088kPa,1.7250,0.65407,1.9404
full_gland_088kPa,1.7300,1.1033,2.4507
full_gland_088kPa,1.7350,1.5676,2.9469
full_gland_088kPa,1.7400,2.0129,3.4014
full_gland_088kPa,1.7450,2.4136,3.7893
full_gland_088kPa,1.7500,2.7514,4.1013
full_gland_088kPa,1.7550,3.0129,4.3381
full_gland_088kPa,1.7600,3.1842,4.4887
full_gland_088kPa,1.7650,3.2476,4.5124
full_gland_088kPa,1.7700,3.1941,4.3548
full_gland_088kPa,1.7750,3.0199,3.9732
full_gland_088kPa,1.7800,2.7204,3.3389
full_gland_088kPa,1.7850,2.2924,2.4432
full_gland_088kPa,1.7900,1.7308,1.3106
full_gland_088kPa,1.7950,1.0247,1.0043
full_gland_088kPa,1.8000,0.49077,1.767
full_gland_088kPa,1.8050,1.1642,3.5103
full_gland_088kPa,1.8100,2.0946,5.4097
full_gland_088kPa,1.8150,3.2244,7.3946
full_gland_088kPa,1.8200,4.543,9.4183
full_gland_088kPa,1.8250,5.9494,11.451
full_gland_088kPa,1.8300,7.3745,13.479
full_gland_088kPa,1.8350,8.7734,15.484
full_gland_088kPa,1.8400,10.105,17.448
full_gland_088kPa,1.8450,11.333,19.347
full_gland_088kPa,1.8500,12.43,21.145
full_gland_088kPa,1.8550,13.386,22.782
full_gland_088kPa,1.8600,14.183,24.152
full_gland_088kPa,1.8650,14.811,25.218
full_gland_088kPa,1.8700,15.256,25.969
full_gland_088kPa,1.8750,15.495,26.365
full_gland_088kPa,1.8800,15.523,26.406
full_gland_088kPa,1.8850,15.312,26.062
full_gland_088kPa,1.8900,14.893,25.402
full_gland_088kPa,1.8950,14.264,24.433
full_gland_088kPa,1.9000,13.455,23.198
full_gland_088kPa,1.9000,13.455,23.198
full_gland_088kPa,1.9250,7.8092,14.59
full_gland_088kPa,1.9500,3.0928,8.9412
full_gland_088kPa,1.9750,3.62,9.9269
full_gland_088kPa,2.0000,8.9631,16.775
full_gland_088kPa,2.0250,14.498,23.946
full_gland_088kPa,2.0500,15.254,25.818
full_gland_088kPa,2.0750,11.033,19.983
full_gland_088kPa,2.1000,5.2355,11.276
full_gland_088kPa,2.1250,2.8438,8.1787
full_gland_088kPa,2.1500,5.5305,12.569
full_gland_088kPa,2.1750,11.9,20.684
full_gland_088kPa,2.2000,15.531,25.743
01mm_skin_soft_interior,0.0000,6.806e-13,1.3505e-10
01mm_skin_soft_interior,0.025000,0.027266,0.060463
01mm_skin_soft_interior,0.050000,0.20778,0.30149
01mm_skin_soft_interior,0.075000,0.70616,0.75041
01mm_skin_soft_interior,0.10000,1.5559,1.377
01mm_skin_soft_interior,0.12500,2.5964,2.0966
01mm_skin_soft_interior,0.15000,3.61,2.7584
01mm_skin_soft_interior,0.17500,4.2979,3.2383
01mm_skin_soft_interior,0.20000,4.5325,3.514
01mm_skin_soft_interior,0.22500,4.4518,3.63
01mm_skin_soft_interior,0.25000,4.3702,3.6752
01mm_skin_soft_interior,0.27500,4.5486,3.8449
01mm_skin_soft_interior,0.30000,5.0859,4.2641
01mm_skin_soft_interior,0.32500,5.9242,4.8496
01mm_skin_soft_interior,0.35000,6.9102,5.5506
01mm_skin_soft_interior,0.37500,7.8298,6.2471
01mm_skin_soft_interior,0.40000,8.5181,6.7888
01mm_skin_soft_interior,0.42500,8.9424,7.1032
01mm_skin_soft_interior,0.45000,9.0657,7.2305
01mm_skin_soft_interior,0.47500,8.9813,7.294
01mm_skin_soft_interior,0.50000,8.9848,7.427
01mm_skin_soft_interior,0.52500,9.3221,7.772
01mm_skin_soft_interior,0.55000,10.101,8.3413
01mm_skin_soft_interior,0.57500,11.144,9.0171
01mm_skin_soft_interior,0.60000,12.199,9.7136
01mm_skin_soft_interior,0.62500,12.983,10.309
01mm_skin_soft_interior,0.65000,13.36,10.684
01mm_skin_soft_interior,0.67500,13.408,10.847
01mm_skin_soft_interior,0.70000,13.389,10.911
01mm_skin_soft_interior,0.72500,13.501,11.012
01mm_skin_soft_interior,0.75000,13.815,11.291
01mm_skin_soft_interior,0.77500,14.416,11.812
01mm_skin_soft_interior,0.80000,15.318,12.502
01mm_skin_soft_interior,0.82500,16.355,13.192
01mm_skin_soft_interior,0.85000,17.252,13.802
01mm_skin_soft_interior,0.87500,17.835,14.259
01mm_skin_soft_interior,0.90000,18.041,14.452
01mm_skin_soft_interior,0.92500,17.945,14.52
01mm_skin_soft_interior,0.95000,17.828,14.616
01mm_skin_soft_interior,0.97500,18.066,14.855
01mm_skin_soft_interior,1.0000,18.753,15.296
01mm_skin_soft_interior,1.0250,19.65,15.885
01mm_skin_soft_interior,1.0500,20.455,16.377
01mm_skin_soft_interior,1.0750,20.858,16.565
01mm_skin_soft_interior,1.1000,20.597,16.417
01mm_skin_soft_interior,1.1250,19.811,15.976
01mm_skin_soft_interior,1.1500,18.846,15.389
01mm_skin_soft_interior,1.1750,18.159,14.955
01mm_skin_soft_interior,1.2000,18.025,14.888
01mm_skin_soft_interior,1.2000,18.025,14.888
01mm_skin_soft_interior,1.2050,18.074,14.924
01mm_skin_soft_interior,1.2100,18.141,14.971
01mm_skin_soft_interior,1.2150,18.233,15.03
01mm_skin_soft_interior,1.2200,18.354,15.104
01mm_skin_soft_interior,1.2250,18.488,15.184
01mm_skin_soft_interior,1.2300,18.655,15.282
01mm_skin_soft_interior,1.2350,18.829,15.384
01mm_skin_soft_interior,1.2400,19.023,15.499
01mm_skin_soft_interior,1.2450,19.22,15.617
01mm_skin_soft_interior,1.2500,19.424,15.74
01mm_skin_soft_interior,1.2550,19.638,15.895
01mm_skin_soft_interior,1.2600,19.856,16.07
01mm_skin_soft_interior,1.2650,20.109,16.337
01mm_skin_soft_interior,1.2700,20.391,16.664
01mm_skin_soft_interior,1.2750,20.711,17.062
01mm_skin_soft_interior,1.2800,21.115,17.576
01mm_skin_soft_interior,1.2850,21.577,18.157
01mm_skin_soft_interior,1.2900,22.109,18.811
01mm_skin_soft_interior,1.2950,22.783,19.587
01mm_skin_soft_interior,1.3000,23.55,20.429
01mm_skin_soft_interior,1.3050,24.418,21.341
01mm_skin_soft_interior,1.3100,25.496,22.372
01mm_skin_soft_interior,1.3150,26.691,23.458
01mm_skin_soft_interior,1.3200,28.037,24.612
01mm_skin_soft_interior,1.3250,29.57,25.843
01mm_skin_soft_interior,1.3300,31.266,27.134
01mm_skin_soft_interior,1.3350,33.093,28.471
01mm_skin_soft_interior,1.3400,35.04,29.849
01mm_skin_soft_interior,1.3450,37.074,31.253
01mm_skin_soft_interior,1.3500,39.167,32.671
01mm_skin_soft_interior,1.3550,41.294,34.089
01mm_skin_soft_interior,1.3600,43.432,35.492
01mm_skin_soft_interior,1.3650,45.559,36.864
01mm_skin_soft_interior,1.3700,47.654,38.183
01mm_skin_soft_interior,1.3750,49.693,39.424
01mm_skin_soft_interior,1.3800,51.646,40.566
01mm_skin_soft_interior,1.3850,53.486,41.591
01mm_skin_soft_interior,1.3900,55.178,42.482
01mm_skin_soft_interior,1.3950,56.68,43.229
01mm_skin_soft_interior,1.4000,57.95,43.82
01mm_skin_soft_interior,1.4050,58.948,44.246
01mm_skin_soft_interior,1.4100,59.641,44.501
01mm_skin_soft_interior,1.4150,60.006,44.583
01mm_skin_soft_interior,1.4200,60.032,44.493
01mm_skin_soft_interior,1.4250,59.718,44.23
01mm_skin_soft_interior,1.4300,59.073,43.793
01mm_skin_soft_interior,1.4350,58.105,43.186
01mm_skin_soft_interior,1.4400,56.815,42.408
01mm_skin_soft_interior,1.4450,55.207,41.462
01mm_skin_soft_interior,1.4500,53.318,40.364
01mm_skin_soft_interior,1.4550,51.171,39.125
01mm_skin_soft_interior,1.4600,48.803,37.756
01mm_skin_soft_interior,1.4650,46.254,36.262
01mm_skin_soft_interior,1.4700,43.573,34.651
01mm_skin_soft_interior,1.4750,40.807,32.931
01mm_skin_soft_interior,1.4800,38.002,31.115
01mm_skin_soft_interior,1.4850,35.195,29.22
01mm_skin_soft_interior,1.4900,32.42,27.273
01mm_skin_soft_interior,1.4950,29.712,25.312
01mm_skin_soft_interior,1.5000,27.095,23.384
01mm_skin_soft_interior,1.5050,24.594,21.523
01mm_skin_soft_interior,1.5100,22.228,19.75
01mm_skin_soft_interior,1.5150,20.015,18.078
01mm_skin_soft_interior,1.5200,17.967,16.514
01mm_skin_soft_interior,1.5250,16.092,15.071
01mm_skin_soft_interior,1.5300,14.394,13.752
01mm_skin_soft_interior,1.5350,12.881,12.557
01mm_skin_soft_interior,1.5400,11.548,11.471
01mm_skin_soft_interior,1.5450,10.391,10.473
01mm_skin_soft_interior,1.5500,9.4128,9.5524
01mm_skin_soft_interior,1.5550,8.6056,8.7078
01mm_skin_soft_interior,1.5600,7.952,7.9474
01mm_skin_soft_interior,1.5650,7.4435,7.2875
01mm_skin_soft_interior,1.5700,7.0689,6.74
01mm_skin_soft_interior,1.5750,6.8147,6.3059
01mm_skin_soft_interior,1.5800,6.6645,5.9712
01mm_skin_soft_interior,1.5850,6.602,5.7148
01mm_skin_soft_interior,1.5900,6.6053,5.5166
01mm_skin_soft_interior,1.5950,6.648,5.3609
01mm_skin_soft_interior,1.6000,6.7083,5.2363
01mm_skin_soft_interior,1.6050,6.7629,5.1282
01mm_skin_soft_interior,1.6100,6.7873,5.0241
01mm_skin_soft_interior,1.6150,6.7587,4.9147
01mm_skin_soft_interior,1.6200,6.656,4.7891
01mm_skin_soft_interior,1.6250,6.5086,4.6327
01mm_skin_soft_interior,1.6300,6.3389,4.4315
01mm_skin_soft_interior,1.6350,6.1103,4.1704
01mm_skin_soft_interior,1.6400,5.7857,3.8275
01mm_skin_soft_interior,1.6450,5.3576,3.4089
01mm_skin_soft_interior,1.6500,4.8252,2.9185
01mm_skin_soft_interior,1.6550,4.2038,2.3564
01mm_skin_soft_interior,1.6600,3.5016,1.7139
01mm_skin_soft_interior,1.6650,2.7358,1.0063
01mm_skin_soft_interior,1.6700,1.8813,0.60094
01mm_skin_soft_interior,1.6750,1.2645,0.79806
01mm_skin_soft_interior,1.6800,2.047,1.4484
01mm_skin_soft_interior,1.6850,2.9845,2.3184
01mm_skin_soft_interior,1.6900,3.9679,3.2007
01mm_skin_soft_interior,1.6950,4.9526,4.0877
01mm_skin_soft_interior,1.7000,5.9364,4.9722
01mm_skin_soft_interior,1.7050,6.988,5.8437
01mm_skin_soft_interior,1.7100,8.3233,6.6904
01mm_skin_soft_interior,1.7150,9.6975,7.4917
01mm_skin_soft_interior,1.7200,11.049,8.2358
01mm_skin_soft_interior,1.7250,12.329,8.888
01mm_skin_soft_interior,1.7300,13.496,9.4333
01mm_skin_soft_interior,1.7350,14.499,9.8474
01mm_skin_soft_interior,1.7400,15.278,10.098
01mm_skin_soft_interior,1.7450,15.834,10.189
01mm_skin_soft_interior,1.7500,16.095,10.072
01mm_skin_soft_interior,1.7550,16.083,9.7696
01mm_skin_soft_interior,1.7600,15.775,9.2749
01mm_skin_soft_interior,1.7650,15.151,8.593
01mm_skin_soft_interior,1.7700,14.24,7.7563
01mm_skin_soft_interior,1.7750,12.986,6.7437
01mm_skin_soft_interior,1.7800,11.456,5.5947
01mm_skin_soft_interior,1.7850,9.6309,4.3044
01mm_skin_soft_interior,1.7900,7.5316,2.8832
01mm_skin_soft_interior,1.7950,5.2037,1.3545
01mm_skin_soft_interior,1.8000,2.6385,1.1701
01mm_skin_soft_interior,1.8050,2.5172,2.0529
01mm_skin_soft_interior,1.8100,3.8118,3.8739
01mm_skin_soft_interior,1.8150,6.0726,5.7645
01mm_skin_soft_interior,1.8200,9.1286,7.7138
01mm_skin_soft_interior,1.8250,12.258,9.7177
01mm_skin_soft_interior,1.8300,15.407,11.767
01mm_skin_soft_interior,1.8350,18.534,13.837
01mm_skin_soft_interior,1.8400,21.589,15.895
01mm_skin_soft_interior,1.8450,24.554,17.915
01mm_skin_soft_interior,1.8500,27.392,19.874
01mm_skin_soft_interior,1.8550,30.069,21.739
01mm_skin_soft_interior,1.8600,32.547,23.468
01mm_skin_soft_interior,1.8650,34.743,24.994
01mm_skin_soft_interior,1.8700,36.633,26.307
01mm_skin_soft_interior,1.8750,38.193,27.399
01mm_skin_soft_interior,1.8800,39.402,28.259
01mm_skin_soft_interior,1.8850,40.247,28.881
01mm_skin_soft_interior,1.8900,40.724,29.262
01mm_skin_soft_interior,1.8950,40.839,29.398
01mm_skin_soft_interior,1.9000,40.597,29.286
01mm_skin_soft_interior,1.9000,40.597,29.286
01mm_skin_soft_interior,1.9250,34.354,25.191
01mm_skin_soft_interior,1.9500,22.198,16.957
01mm_skin_soft_interior,1.9750,8.5141,7.9723
01mm_skin_soft_interior,2.0000,3.3342,2.7278
01mm_skin_soft_interior,2.0250,5.1945,3.6819
01mm_skin_soft_interior,2.0500,9.2583,9.1116
01mm_skin_soft_interior,2.0750,23.62,17.823
01mm_skin_soft_interior,2.1000,37.538,26.337
01mm_skin_soft_interior,2.1250,43.264,29.471
01mm_skin_soft_interior,2.1500,37.593,26.138
01mm_skin_soft_interior,2.1750,23.111,18.859
01mm_skin_soft_interior,2.2000,9.7218,9.8497
stage6_tumor_large_central_hard100kPa,0,6.14971881024e-13,3.04929623272e-10
stage6_tumor_large_central_hard100kPa,0.025,0.0258502937972,0.363112281866
stage6_tumor_large_central_hard100kPa,0.05,0.178345954289,1.41975757922
stage6_tumor_large_central_hard100kPa,0.07500000000000001,0.414568826813,2.6833046155
stage6_tumor_large_central_hard100kPa,0.1,0.545285300779,3.48696652432
stage6_tumor_large_central_hard100kPa,0.125,0.522200820873,3.7844827621
stage6_tumor_large_central_hard100kPa,0.15000000000000002,0.58493944839,4.32144830849
stage6_tumor_large_central_hard100kPa,0.17500000000000002,0.801980006555,5.51190674179
stage6_tumor_large_central_hard100kPa,0.2,1.0070837281,6.73865680837
stage6_tumor_large_central_hard100kPa,0.225,1.064259102,7.29764702978
stage6_tumor_large_central_hard100kPa,0.25,1.06881395048,7.55992175546
stage6_tumor_large_central_hard100kPa,0.275,1.17956598795,8.37859715495
stage6_tumor_large_central_hard100kPa,0.30000000000000004,1.39934575177,9.62680609005
stage6_tumor_large_central_hard100kPa,0.325,1.58013398969,10.6799885797
stage6_tumor_large_central_hard100kPa,0.35000000000000003,1.60702293383,11.0838267964
stage6_tumor_large_central_hard100kPa,0.375,1.60568482705,11.4294850639
stage6_tumor_large_central_hard100kPa,0.4,1.78017739771,12.4323784979
stage6_tumor_large_central_hard100kPa,0.42500000000000004,2.01475811758,13.7585832112
stage6_tumor_large_central_hard100kPa,0.45,2.1295314341,14.5460638635
stage6_tumor_large_central_hard100kPa,0.47500000000000003,2.1225980445,14.8207296969
stage6_tumor_large_central_hard100kPa,0.5,2.18848376941,15.4240881782
stage6_tumor_large_central_hard100kPa,0.525,2.38975549797,16.5135979708
stage6_tumor_large_central_hard100kPa,0.55,2.59235293776,17.7998231861
stage6_tumor_large_central_hard100kPa,0.5750000000000001,2.6764318269,18.3742288927
stage6_tumor_large_central_hard100kPa,0.6000000000000001,2.66707447636,18.6214255028
stage6_tumor_large_central_hard100kPa,0.625,2.75659867409,19.409342156
stage6_tumor_large_central_hard100kPa,0.65,3.00778583744,20.6872359402
stage6_tumor_large_central_hard100kPa,0.675,3.17548292717,21.7294780682
stage6_tumor_large_central_hard100kPa,0.7000000000000001,3.19520875408,22.145704651
stage6_tumor_large_central_hard100kPa,0.7250000000000001,3.20893458811,22.5155851437
stage6_tumor_large_central_hard100kPa,0.75,3.37728394414,23.4517242439
stage6_tumor_large_central_hard100kPa,0.775,3.59949175382,24.8015314127
stage6_tumor_large_central_hard100kPa,0.8,3.72085373626,25.6105861764
stage6_tumor_large_central_hard100kPa,0.8250000000000001,3.74346692862,25.9239567885
stage6_tumor_large_central_hard100kPa,0.8500000000000001,3.77923657094,26.4550127529
stage6_tumor_large_central_hard100kPa,0.875,3.95919764698,27.5604494679
stage6_tumor_large_central_hard100kPa,0.9,4.20088739626,28.7828464952
stage6_tumor_large_central_hard100kPa,0.925,4.2811351037,29.4995119268
stage6_tumor_large_central_hard100kPa,0.9500000000000001,4.26678395886,29.7763046416
stage6_tumor_large_central_hard100kPa,0.9750000000000001,4.35982936603,30.399402558
stage6_tumor_large_central_hard100kPa,1,4.57411844012,31.6425266357
stage6_tumor_large_central_hard100kPa,1.0250000000000001,4.73653190186,32.4362436786
stage6_tumor_large_central_hard100kPa,1.05,4.64347821224,31.8849971764
stage6_tumor_large_central_hard100kPa,1.075,4.41932993275,30.9620723119
stage6_tumor_large_central_hard100kPa,1.1,4.38955643416,30.9374750926
stage6_tumor_large_central_hard100kPa,1.125,4.63680875688,31.8918248901
stage6_tumor_large_central_hard100kPa,1.1500000000000001,4.76699918536,32.4402191667
stage6_tumor_large_central_hard100kPa,1.175,4.56353355393,31.6490843314
stage6_tumor_large_central_hard100kPa,1.2000000000000002,4.35934289358,30.7411258307
stage6_tumor_large_central_hard100kPa,1.2,4.35934289358,30.7411258307
stage6_tumor_large_central_hard100kPa,1.2049999999999998,4.35917618223,30.7229101653
stage6_tumor_large_central_hard100kPa,1.21,4.36898003165,30.7492402717
stage6_tumor_large_central_hard100kPa,1.2149999999999999,4.39276575268,30.8380375826
stage6_tumor_large_central_hard100kPa,1.22,4.43025063784,30.9944026129
stage6_tumor_large_central_hard100kPa,1.2249999999999999,4.47285880051,31.1770111895
stage6_tumor_large_central_hard100kPa,1.23,4.52298540281,31.4025289064
stage6_tumor_large_central_hard100kPa,1.2349999999999999,4.57298251495,31.6306398333
stage6_tumor_large_central_hard100kPa,1.24,4.62284790507,31.8613887935
stage6_tumor_large_central_hard100kPa,1.2449999999999999,4.66545016508,32.0584692249
stage6_tumor_large_central_hard100kPa,1.25,4.70526771244,32.2767584937
stage6_tumor_large_central_hard100kPa,1.255,4.73940771348,32.5930262481
stage6_tumor_large_central_hard100kPa,1.26,4.78155354043,33.1777482034
stage6_tumor_large_central_hard100kPa,1.265,4.83375885503,34.0147371237
stage6_tumor_large_central_hard100kPa,1.27,4.92119319621,35.3160884189
stage6_tumor_large_central_hard100kPa,1.275,5.06193314508,36.9872652089
stage6_tumor_large_central_hard100kPa,1.28,5.26271907943,38.9719621755
stage6_tumor_large_central_hard100kPa,1.285,5.53201459394,41.2455267052
stage6_tumor_large_central_hard100kPa,1.29,5.87484397655,43.7754374486
stage6_tumor_large_central_hard100kPa,1.295,6.29227266906,46.5222064301
stage6_tumor_large_central_hard100kPa,1.3,6.78681516035,49.450830145
stage6_tumor_large_central_hard100kPa,1.305,7.33587887527,52.4693624905
stage6_tumor_large_central_hard100kPa,1.31,7.91042129966,55.4918755918
stage6_tumor_large_central_hard100kPa,1.315,8.48916365139,58.4483923718
stage6_tumor_large_central_hard100kPa,1.3199999999999998,9.05228630539,61.2713775582
stage6_tumor_large_central_hard100kPa,1.325,9.57446263883,63.8583822328
stage6_tumor_large_central_hard100kPa,1.33,10.0343767743,66.1332146699
stage6_tumor_large_central_hard100kPa,1.335,10.4115460453,68.0338788685
stage6_tumor_large_central_hard100kPa,1.3399999999999999,10.6816371069,69.4926773146
stage6_tumor_large_central_hard100kPa,1.345,10.8373304255,70.517623831
stage6_tumor_large_central_hard100kPa,1.3499999999999999,10.8747475647,71.1245065032
stage6_tumor_large_central_hard100kPa,1.355,10.7976107462,71.3421737163
stage6_tumor_large_central_hard100kPa,1.3599999999999999,10.6214999324,71.2100818017
stage6_tumor_large_central_hard100kPa,1.365,10.3721816501,70.7742114334
stage6_tumor_large_central_hard100kPa,1.3699999999999999,10.0877049555,70.116696174
stage6_tumor_large_central_hard100kPa,1.375,9.80251937543,69.3355176195
stage6_tumor_large_central_hard100kPa,1.38,9.55446370362,68.5412759049
stage6_tumor_large_central_hard100kPa,1.385,9.37127421207,67.8495195011
stage6_tumor_large_central_hard100kPa,1.39,9.26335417227,67.3326054422
stage6_tumor_large_central_hard100kPa,1.395,9.23031420091,67.0296274437
stage6_tumor_large_central_hard100kPa,1.4,9.27274475059,67.0003563504
stage6_tumor_large_central_hard100kPa,1.405,9.37601985701,67.2361930098
stage6_tumor_large_central_hard100kPa,1.41,9.53693645829,67.7346890714
stage6_tumor_large_central_hard100kPa,1.415,9.75105961298,68.4530588965
stage6_tumor_large_central_hard100kPa,1.42,10.0030130416,69.325297933
stage6_tumor_large_central_hard100kPa,1.425,10.2618777918,70.2459701315
stage6_tumor_large_central_hard100kPa,1.43,10.5044672202,71.1168637752
stage6_tumor_large_central_hard100kPa,1.435,10.706347726,71.8231216614
stage6_tumor_large_central_hard100kPa,1.44,10.8424659571,72.2639483194
stage6_tumor_large_central_hard100kPa,1.4449999999999998,10.8973589537,72.3819453976
stage6_tumor_large_central_hard100kPa,1.45,10.859632208,72.1072152119
stage6_tumor_large_central_hard100kPa,1.455,10.7165501581,71.2955498362
stage6_tumor_large_central_hard100kPa,1.46,10.4822811152,69.9184657808
stage6_tumor_large_central_hard100kPa,1.4649999999999999,10.1649998956,67.9889261739
stage6_tumor_large_central_hard100kPa,1.47,9.77174938528,65.5503971696
stage6_tumor_large_central_hard100kPa,1.475,9.30584521583,62.6767643311
stage6_tumor_large_central_hard100kPa,1.48,8.79687668877,59.6291709871
stage6_tumor_large_central_hard100kPa,1.4849999999999999,8.26168501481,56.5647947145
stage6_tumor_large_central_hard100kPa,1.49,7.71889453443,53.5928957892
stage6_tumor_large_central_hard100kPa,1.4949999999999999,7.19080141263,50.7676883051
stage6_tumor_large_central_hard100kPa,1.5,6.69531501922,48.085413845
stage6_tumor_large_central_hard100kPa,1.505,6.24781769315,45.5783017783
stage6_tumor_large_central_hard100kPa,1.51,5.86493231905,43.3236565751
stage6_tumor_large_central_hard100kPa,1.515,5.55238186231,41.3561670205
stage6_tumor_large_central_hard100kPa,1.52,5.30589812564,39.6419177366
stage6_tumor_large_central_hard100kPa,1.525,5.12350502917,38.1447660522
stage6_tumor_large_central_hard100kPa,1.53,5.00851852799,36.8672009585
stage6_tumor_large_central_hard100kPa,1.535,4.94655530491,35.7911296617
stage6_tumor_large_central_hard100kPa,1.54,4.9245453602,34.8980770005
stage6_tumor_large_central_hard100kPa,1.545,4.92746245544,34.1291770013
stage6_tumor_large_central_hard100kPa,1.55,4.93405468272,33.3633323129
stage6_tumor_large_central_hard100kPa,1.555,4.92151679429,32.4667216711
stage6_tumor_large_central_hard100kPa,1.56,4.87135217732,31.3506489853
stage6_tumor_large_central_hard100kPa,1.565,4.76247024621,29.9570406849
stage6_tumor_large_central_hard100kPa,1.5699999999999998,4.57244493736,28.2525684372
stage6_tumor_large_central_hard100kPa,1.575,4.29705592048,26.2406280297
stage6_tumor_large_central_hard100kPa,1.58,3.93141211058,23.8902896171
stage6_tumor_large_central_hard100kPa,1.585,3.46759120803,21.168587565
stage6_tumor_large_central_hard100kPa,1.5899999999999999,2.91856227357,18.1467024312
stage6_tumor_large_central_hard100kPa,1.595,2.30636085514,14.929239975
stage6_tumor_large_central_hard100kPa,1.6,1.65640426166,11.6104238076
stage6_tumor_large_central_hard100kPa,1.605,1.00921866594,8.30592809528
stage6_tumor_large_central_hard100kPa,1.6099999999999999,0.572831745539,5.1211973177
stage6_tumor_large_central_hard100kPa,1.615,0.298371056457,2.18398818567
stage6_tumor_large_central_hard100kPa,1.6199999999999999,0.60033799847,0.88706727918
stage6_tumor_large_central_hard100kPa,1.625,0.924985658539,2.5067613309
stage6_tumor_large_central_hard100kPa,1.63,1.13499960334,4.10943586767
stage6_tumor_large_central_hard100kPa,1.635,1.23975261158,5.20518910164
stage6_tumor_large_central_hard100kPa,1.64,1.25432711934,5.8328545241
stage6_tumor_large_central_hard100kPa,1.645,1.19429366667,6.05643337128
stage6_tumor_large_central_hard100kPa,1.65,1.07606589843,5.94605350652
stage6_tumor_large_central_hard100kPa,1.655,0.919687292132,5.56288301801
stage6_tumor_large_central_hard100kPa,1.66,0.740734906022,4.98054242701
stage6_tumor_large_central_hard100kPa,1.665,0.588111521386,4.30682726407
stage6_tumor_large_central_hard100kPa,1.67,0.519297139854,3.66458034542
stage6_tumor_large_central_hard100kPa,1.675,0.465759971048,3.18790249497
stage6_tumor_large_central_hard100kPa,1.68,0.407749972638,3.01731762864
stage6_tumor_large_central_hard100kPa,1.685,0.355468759047,3.24506536423
stage6_tumor_large_central_hard100kPa,1.69,0.338026822832,3.85212887761
stage6_tumor_large_central_hard100kPa,1.6949999999999998,0.379346386552,4.70811696228
stage6_tumor_large_central_hard100kPa,1.7,0.506099583715,5.65790471002
stage6_tumor_large_central_hard100kPa,1.705,0.732194765065,6.60517453295
stage6_tumor_large_central_hard100kPa,1.71,1.01233275441,7.50832902445
stage6_tumor_large_central_hard100kPa,1.7149999999999999,1.30376000782,8.32728670384
stage6_tumor_large_central_hard100kPa,1.72,1.57172452981,9.03871026611
stage6_tumor_large_central_hard100kPa,1.725,1.78605736293,9.61967009305
stage6_tumor_large_central_hard100kPa,1.73,1.93132210817,10.044289332
stage6_tumor_large_central_hard100kPa,1.7349999999999999,1.99818667986,10.26784059
stage6_tumor_large_central_hard100kPa,1.74,1.97909900335,10.2125785257
stage6_tumor_large_central_hard100kPa,1.745,1.87079212136,9.77172251338
stage6_tumor_large_central_hard100kPa,1.75,1.67403499355,8.8304079381
stage6_tumor_large_central_hard100kPa,1.755,1.39152384182,7.33831784002
stage6_tumor_large_central_hard100kPa,1.76,1.02995175778,5.34298822049
stage6_tumor_large_central_hard100kPa,1.7650000000000001,0.604159865876,2.93968217489
stage6_tumor_large_central_hard100kPa,1.77,0.148769111132,0.381616872712
stage6_tumor_large_central_hard100kPa,1.775,0.43697104518,2.85933283936
stage6_tumor_large_central_hard100kPa,1.7799999999999998,0.896850865763,5.96874945389
stage6_tumor_large_central_hard100kPa,1.785,1.39194956318,9.03773443729
stage6_tumor_large_central_hard100kPa,1.79,1.87103371327,11.910554504
stage6_tumor_large_central_hard100kPa,1.795,2.31974157649,14.4956498655
stage6_tumor_large_central_hard100kPa,1.7999999999999998,2.72381656733,16.7306550797
stage6_tumor_large_central_hard100kPa,1.805,3.06678734985,18.5845229269
stage6_tumor_large_central_hard100kPa,1.81,3.33580408311,20.0738950635
stage6_tumor_large_central_hard100kPa,1.815,3.52162622765,21.2464620892
stage6_tumor_large_central_hard100kPa,1.8199999999999998,3.61969995207,22.1515625493
stage6_tumor_large_central_hard100kPa,1.825,3.6340826027,22.8491941646
stage6_tumor_large_central_hard100kPa,1.83,3.58155777035,23.4418124561
stage6_tumor_large_central_hard100kPa,1.835,3.49237362127,24.0740504268
stage6_tumor_large_central_hard100kPa,1.8399999999999999,3.40895778566,24.8767054531
stage6_tumor_large_central_hard100kPa,1.845,3.3737690301,25.9169625758
stage6_tumor_large_central_hard100kPa,1.85,3.44387783114,27.2182548212
stage6_tumor_large_central_hard100kPa,1.855,3.60595164627,28.6727175523
stage6_tumor_large_central_hard100kPa,1.8599999999999999,3.84083666328,30.0565948025
stage6_tumor_large_central_hard100kPa,1.865,4.16085338014,31.3445423877
stage6_tumor_large_central_hard100kPa,1.87,4.52143533124,32.5484805112
stage6_tumor_large_central_hard100kPa,1.875,4.88822795763,33.6841461079
stage6_tumor_large_central_hard100kPa,1.88,5.23337641934,34.7485607125
stage6_tumor_large_central_hard100kPa,1.885,5.52953382115,35.6628154585
stage6_tumor_large_central_hard100kPa,1.8900000000000001,5.7530067588,36.3138579704
stage6_tumor_large_central_hard100kPa,1.895,5.88789815394,36.6154034372
stage6_tumor_large_central_hard100kPa,1.9,5.92621604053,36.5421106025
stage6_tumor_large_central_hard100kPa,1.9000000000000001,5.92621604053,36.5421106025
stage6_tumor_large_central_hard100kPa,1.925,4.65713337908,31.7362528605
stage6_tumor_large_central_hard100kPa,1.9500000000000002,3.3427206103,26.9551497112
stage6_tumor_large_central_hard100kPa,1.975,4.18353440067,28.7109018814
stage6_tumor_large_central_hard100kPa,2,5.55015482668,35.7679185641
stage6_tumor_large_central_hard100kPa,2.0250000000000004,5.29527509463,36.1176467551
stage6_tumor_large_central_hard100kPa,2.0500000000000003,4.18347829767,28.4178693304
stage6_tumor_large_central_hard100kPa,2.075,3.44897175764,27.1537221397
stage6_tumor_large_central_hard100kPa,2.1,4.41015387378,31.5735977011
stage6_tumor_large_central_hard100kPa,2.125,5.82400487208,36.425570024
stage6_tumor_large_central_hard100kPa,2.1500000000000004,5.18965791066,34.0149421908
stage6_tumor_large_central_hard100kPa,2.1750000000000003,3.41004878488,27.2870992353
stage6_tumor_large_central_hard100kPa,2.2,3.70976675969,27.3463778312
stage6_tumor_medium_upper_outer_surface,0.0000,6.7193e-13,2.9967e-10
stage6_tumor_medium_upper_outer_surface,0.025000,0.02585,0.36301
stage6_tumor_medium_upper_outer_surface,0.050000,0.17834,1.4242
stage6_tumor_medium_upper_outer_surface,0.075000,0.41456,2.6917
stage6_tumor_medium_upper_outer_surface,0.10000,0.54526,3.4977
stage6_tumor_medium_upper_outer_surface,0.12500,0.52219,3.7957
stage6_tumor_medium_upper_outer_surface,0.15000,0.5849,4.3342
stage6_tumor_medium_upper_outer_surface,0.17500,0.80194,5.5269
stage6_tumor_medium_upper_outer_surface,0.20000,1.0071,6.7611
stage6_tumor_medium_upper_outer_surface,0.22500,1.0642,7.3195
stage6_tumor_medium_upper_outer_surface,0.25000,1.0688,7.5818
stage6_tumor_medium_upper_outer_surface,0.27500,1.1795,8.4033
stage6_tumor_medium_upper_outer_surface,0.30000,1.3993,9.6563
stage6_tumor_medium_upper_outer_surface,0.32500,1.5801,10.712
stage6_tumor_medium_upper_outer_surface,0.35000,1.6069,11.117
stage6_tumor_medium_upper_outer_surface,0.37500,1.6056,11.465
stage6_tumor_medium_upper_outer_surface,0.40000,1.7801,12.468
stage6_tumor_medium_upper_outer_surface,0.42500,2.0147,13.8
stage6_tumor_medium_upper_outer_surface,0.45000,2.1295,14.591
stage6_tumor_medium_upper_outer_surface,0.47500,2.1225,14.864
stage6_tumor_medium_upper_outer_surface,0.50000,2.1884,15.471
stage6_tumor_medium_upper_outer_surface,0.52500,2.3897,16.562
stage6_tumor_medium_upper_outer_surface,0.55000,2.5922,17.856
stage6_tumor_medium_upper_outer_surface,0.57500,2.6763,18.427
stage6_tumor_medium_upper_outer_surface,0.60000,2.6669,18.68
stage6_tumor_medium_upper_outer_surface,0.62500,2.7565,19.467
stage6_tumor_medium_upper_outer_surface,0.65000,3.0077,20.75
stage6_tumor_medium_upper_outer_surface,0.67500,3.1753,21.796
stage6_tumor_medium_upper_outer_surface,0.70000,3.195,22.211
stage6_tumor_medium_upper_outer_surface,0.72500,3.2088,22.584
stage6_tumor_medium_upper_outer_surface,0.75000,3.3772,23.52
stage6_tumor_medium_upper_outer_surface,0.77500,3.5994,24.879
stage6_tumor_medium_upper_outer_surface,0.80000,3.7207,25.689
stage6_tumor_medium_upper_outer_surface,0.82500,3.7433,26
stage6_tumor_medium_upper_outer_surface,0.85000,3.779,26.534
stage6_tumor_medium_upper_outer_surface,0.87500,3.9591,27.645
stage6_tumor_medium_upper_outer_surface,0.90000,4.2006,28.867
stage6_tumor_medium_upper_outer_surface,0.92500,4.281,29.59
stage6_tumor_medium_upper_outer_surface,0.95000,4.2667,29.866
stage6_tumor_medium_upper_outer_surface,0.97500,4.3596,30.489
stage6_tumor_medium_upper_outer_surface,1.0000,4.574,31.738
stage6_tumor_medium_upper_outer_surface,1.0250,4.7367,32.539
stage6_tumor_medium_upper_outer_surface,1.0500,4.6433,31.979
stage6_tumor_medium_upper_outer_surface,1.0750,4.419,31.055
stage6_tumor_medium_upper_outer_surface,1.1000,4.3888,31.026
stage6_tumor_medium_upper_outer_surface,1.1250,4.6366,31.991
stage6_tumor_medium_upper_outer_surface,1.1500,4.7665,32.535
stage6_tumor_medium_upper_outer_surface,1.1750,4.5632,31.745
stage6_tumor_medium_upper_outer_surface,1.2000,4.3585,30.832
stage6_tumor_medium_upper_outer_surface,1.2000,4.3585,30.832
stage6_tumor_medium_upper_outer_surface,1.2050,4.359,30.814
stage6_tumor_medium_upper_outer_surface,1.2100,4.3684,30.836
stage6_tumor_medium_upper_outer_surface,1.2150,4.3927,30.925
stage6_tumor_medium_upper_outer_surface,1.2200,4.4299,31.081
stage6_tumor_medium_upper_outer_surface,1.2250,4.4725,31.265
stage6_tumor_medium_upper_outer_surface,1.2300,4.5228,31.495
stage6_tumor_medium_upper_outer_surface,1.2350,4.5728,31.727
stage6_tumor_medium_upper_outer_surface,1.2400,4.6226,31.961
stage6_tumor_medium_upper_outer_surface,1.2450,4.6653,32.159
stage6_tumor_medium_upper_outer_surface,1.2500,4.7052,32.372
stage6_tumor_medium_upper_outer_surface,1.2550,4.7394,32.694
stage6_tumor_medium_upper_outer_surface,1.2600,4.7812,33.264
stage6_tumor_medium_upper_outer_surface,1.2650,4.8334,34.102
stage6_tumor_medium_upper_outer_surface,1.2700,4.9215,35.412
stage6_tumor_medium_upper_outer_surface,1.2750,5.0623,37.089
stage6_tumor_medium_upper_outer_surface,1.2800,5.263,39.081
stage6_tumor_medium_upper_outer_surface,1.2850,5.532,41.364
stage6_tumor_medium_upper_outer_surface,1.2900,5.8743,43.904
stage6_tumor_medium_upper_outer_surface,1.2950,6.2913,46.66
stage6_tumor_medium_upper_outer_surface,1.3000,6.788,49.604
stage6_tumor_medium_upper_outer_surface,1.3050,7.3362,52.632
stage6_tumor_medium_upper_outer_surface,1.3100,7.9102,55.665
stage6_tumor_medium_upper_outer_surface,1.3150,8.489,58.633
stage6_tumor_medium_upper_outer_surface,1.3200,9.0525,61.467
stage6_tumor_medium_upper_outer_surface,1.3250,9.5751,64.064
stage6_tumor_medium_upper_outer_surface,1.3300,10.036,66.352
stage6_tumor_medium_upper_outer_surface,1.3350,10.409,68.239
stage6_tumor_medium_upper_outer_surface,1.3400,10.679,69.702
stage6_tumor_medium_upper_outer_surface,1.3450,10.835,70.728
stage6_tumor_medium_upper_outer_surface,1.3500,10.872,71.333
stage6_tumor_medium_upper_outer_surface,1.3550,10.795,71.55
stage6_tumor_medium_upper_outer_surface,1.3600,10.619,71.419
stage6_tumor_medium_upper_outer_surface,1.3650,10.371,70.985
stage6_tumor_medium_upper_outer_surface,1.3700,10.086,70.328
stage6_tumor_medium_upper_outer_surface,1.3750,9.8018,69.549
stage6_tumor_medium_upper_outer_surface,1.3800,9.5546,68.754
stage6_tumor_medium_upper_outer_surface,1.3850,9.3715,68.056
stage6_tumor_medium_upper_outer_surface,1.3900,9.2637,67.531
stage6_tumor_medium_upper_outer_surface,1.3950,9.2302,67.229
stage6_tumor_medium_upper_outer_surface,1.4000,9.2729,67.214
stage6_tumor_medium_upper_outer_surface,1.4050,9.3763,67.456
stage6_tumor_medium_upper_outer_surface,1.4100,9.5372,67.947
stage6_tumor_medium_upper_outer_surface,1.4150,9.751,68.653
stage6_tumor_medium_upper_outer_surface,1.4200,10.003,69.514
stage6_tumor_medium_upper_outer_surface,1.4250,10.262,70.429
stage6_tumor_medium_upper_outer_surface,1.4300,10.504,71.308
stage6_tumor_medium_upper_outer_surface,1.4350,10.707,72.036
stage6_tumor_medium_upper_outer_surface,1.4400,10.842,72.495
stage6_tumor_medium_upper_outer_surface,1.4450,10.896,72.623
stage6_tumor_medium_upper_outer_surface,1.4500,10.858,72.353
stage6_tumor_medium_upper_outer_surface,1.4550,10.717,71.552
stage6_tumor_medium_upper_outer_surface,1.4600,10.481,70.159
stage6_tumor_medium_upper_outer_surface,1.4650,10.164,68.203
stage6_tumor_medium_upper_outer_surface,1.4700,9.7697,65.738
stage6_tumor_medium_upper_outer_surface,1.4750,9.3057,62.857
stage6_tumor_medium_upper_outer_surface,1.4800,8.7962,59.799
stage6_tumor_medium_upper_outer_surface,1.4850,8.261,56.728
stage6_tumor_medium_upper_outer_surface,1.4900,7.7179,53.742
stage6_tumor_medium_upper_outer_surface,1.4950,7.1902,50.91
stage6_tumor_medium_upper_outer_surface,1.5000,6.6955,48.228
stage6_tumor_medium_upper_outer_surface,1.5050,6.2489,45.723
stage6_tumor_medium_upper_outer_surface,1.5100,5.8634,43.448
stage6_tumor_medium_upper_outer_surface,1.5150,5.552,41.468
stage6_tumor_medium_upper_outer_surface,1.5200,5.3066,39.747
stage6_tumor_medium_upper_outer_surface,1.5250,5.1253,38.257
stage6_tumor_medium_upper_outer_surface,1.5300,5.0076,36.984
stage6_tumor_medium_upper_outer_surface,1.5350,4.9467,35.916
stage6_tumor_medium_upper_outer_surface,1.5400,4.9251,35.018
stage6_tumor_medium_upper_outer_surface,1.5450,4.9279,34.233
stage6_tumor_medium_upper_outer_surface,1.5500,4.9344,33.451
stage6_tumor_medium_upper_outer_surface,1.5550,4.9214,32.547
stage6_tumor_medium_upper_outer_surface,1.5600,4.8699,31.44
stage6_tumor_medium_upper_outer_surface,1.5650,4.7633,30.077
stage6_tumor_medium_upper_outer_surface,1.5700,4.5735,28.372
stage6_tumor_medium_upper_outer_surface,1.5750,4.2959,26.327
stage6_tumor_medium_upper_outer_surface,1.5800,3.9278,23.944
stage6_tumor_medium_upper_outer_surface,1.5850,3.4701,21.232
stage6_tumor_medium_upper_outer_surface,1.5900,2.919,18.199
stage6_tumor_medium_upper_outer_surface,1.5950,2.3055,14.974
stage6_tumor_medium_upper_outer_surface,1.6000,1.6556,11.652
stage6_tumor_medium_upper_outer_surface,1.6050,1.0087,8.3339
stage6_tumor_medium_upper_outer_surface,1.6100,0.57311,5.1318
stage6_tumor_medium_upper_outer_surface,1.6150,0.29861,2.1917
stage6_tumor_medium_upper_outer_surface,1.6200,0.59789,0.88317
stage6_tumor_medium_upper_outer_surface,1.6250,0.92313,2.5119
stage6_tumor_medium_upper_outer_surface,1.6300,1.1339,4.1242
stage6_tumor_medium_upper_outer_surface,1.6350,1.2393,5.2282
stage6_tumor_medium_upper_outer_surface,1.6400,1.2542,5.8593
stage6_tumor_medium_upper_outer_surface,1.6450,1.1946,6.0879
stage6_tumor_medium_upper_outer_surface,1.6500,1.0767,5.9776
stage6_tumor_medium_upper_outer_surface,1.6550,0.92013,5.5886
stage6_tumor_medium_upper_outer_surface,1.6600,0.74096,5.0075
stage6_tumor_medium_upper_outer_surface,1.6650,0.58802,4.3315
stage6_tumor_medium_upper_outer_surface,1.6700,0.51914,3.6727
stage6_tumor_medium_upper_outer_surface,1.6750,0.46556,3.1875
stage6_tumor_medium_upper_outer_surface,1.6800,0.40782,3.0224
stage6_tumor_medium_upper_outer_surface,1.6850,0.35617,3.2563
stage6_tumor_medium_upper_outer_surface,1.6900,0.33884,3.8597
stage6_tumor_medium_upper_outer_surface,1.6950,0.3799,4.7146
stage6_tumor_medium_upper_outer_surface,1.7000,0.50716,5.6773
stage6_tumor_medium_upper_outer_surface,1.7050,0.73279,6.6497
stage6_tumor_medium_upper_outer_surface,1.7100,1.0123,7.5628
stage6_tumor_medium_upper_outer_surface,1.7150,1.3035,8.3687
stage6_tumor_medium_upper_outer_surface,1.7200,1.5727,9.0482
stage6_tumor_medium_upper_outer_surface,1.7250,1.7882,9.6276
stage6_tumor_medium_upper_outer_surface,1.7300,1.933,10.055
stage6_tumor_medium_upper_outer_surface,1.7350,1.9988,10.313
stage6_tumor_medium_upper_outer_surface,1.7400,1.9789,10.276
stage6_tumor_medium_upper_outer_surface,1.7450,1.8697,9.8298
stage6_tumor_medium_upper_outer_surface,1.7500,1.6719,8.8787
stage6_tumor_medium_upper_outer_surface,1.7550,1.3889,7.3757
stage6_tumor_medium_upper_outer_surface,1.7600,1.028,5.3553
stage6_tumor_medium_upper_outer_surface,1.7650,0.60307,2.9312
stage6_tumor_medium_upper_outer_surface,1.7700,0.14819,0.38067
stage6_tumor_medium_upper_outer_surface,1.7750,0.43707,2.8822
stage6_tumor_medium_upper_outer_surface,1.7800,0.89667,5.9944
stage6_tumor_medium_upper_outer_surface,1.7850,1.3921,9.0526
stage6_tumor_medium_upper_outer_surface,1.7900,1.8719,11.931
stage6_tumor_medium_upper_outer_surface,1.7950,2.3212,14.533
stage6_tumor_medium_upper_outer_surface,1.8000,2.725,16.779
stage6_tumor_medium_upper_outer_surface,1.8050,3.0674,18.641
stage6_tumor_medium_upper_outer_surface,1.8100,3.3357,20.147
stage6_tumor_medium_upper_outer_surface,1.8150,3.5205,21.334
stage6_tumor_medium_upper_outer_surface,1.8200,3.6176,22.231
stage6_tumor_medium_upper_outer_surface,1.8250,3.6315,22.907
stage6_tumor_medium_upper_outer_surface,1.8300,3.5796,23.493
stage6_tumor_medium_upper_outer_surface,1.8350,3.4921,24.142
stage6_tumor_medium_upper_outer_surface,1.8400,3.4097,24.964
stage6_tumor_medium_upper_outer_surface,1.8450,3.3746,26.011
stage6_tumor_medium_upper_outer_surface,1.8500,3.4435,27.303
stage6_tumor_medium_upper_outer_surface,1.8550,3.6046,28.757
stage6_tumor_medium_upper_outer_surface,1.8600,3.8391,30.145
stage6_tumor_medium_upper_outer_surface,1.8650,4.1597,31.438
stage6_tumor_medium_upper_outer_surface,1.8700,4.5209,32.643
stage6_tumor_medium_upper_outer_surface,1.8750,4.8879,33.781
stage6_tumor_medium_upper_outer_surface,1.8800,5.2325,34.85
stage6_tumor_medium_upper_outer_surface,1.8850,5.5279,35.776
stage6_tumor_medium_upper_outer_surface,1.8900,5.7508,36.443
stage6_tumor_medium_upper_outer_surface,1.8950,5.8851,36.749
stage6_tumor_medium_upper_outer_surface,1.9000,5.9228,36.648
stage6_tumor_medium_upper_outer_surface,1.9000,5.9228,36.648
stage6_tumor_medium_upper_outer_surface,1.9250,4.6578,31.837
stage6_tumor_medium_upper_outer_surface,1.9500,3.3431,27.051
stage6_tumor_medium_upper_outer_surface,1.9750,4.1835,28.796
stage6_tumor_medium_upper_outer_surface,2.0000,5.5507,35.868
stage6_tumor_medium_upper_outer_surface,2.0250,5.295,36.283
stage6_tumor_medium_upper_outer_surface,2.0500,4.1839,28.461
stage6_tumor_medium_upper_outer_surface,2.0750,3.4489,27.247
stage6_tumor_medium_upper_outer_surface,2.1000,4.4095,31.705
stage6_tumor_medium_upper_outer_surface,2.1250,5.8219,36.481
stage6_tumor_medium_upper_outer_surface,2.1500,5.1891,34.124
stage6_tumor_medium_upper_outer_surface,2.1750,3.41,27.346
stage6_tumor_medium_upper_outer_surface,2.2000,3.7088,27.436
