case_id,time_s,avg_displacement_mm,avg_vm_kpa
stage5_no_skin_100g,0,0,0
stage5_no_skin_100g,0.025,0.020405,0.001817
stage5_no_skin_100g,0.05,0.117593,0.012465
stage5_no_skin_100g,0.075,0.261135,0.028537
stage5_no_skin_100g,0.1,0.364787,0.040183
stage5_no_skin_100g,0.125,0.395423,0.042943
stage5_no_skin_100g,0.15,0.412453,0.044292
stage5_no_skin_100g,0.175,0.49391,0.053293
stage5_no_skin_100g,0.2,0.636579,0.069274
stage5_no_skin_100g,0.225,0.752727,0.082063
stage5_no_skin_100g,0.25,0.78968,0.085885
stage5_no_skin_100g,0.275,0.802366,0.086735
stage5_no_skin_100g,0.3,0.875421,0.094519
stage5_no_skin_100g,0.325,1.011605,0.109869
stage5_no_skin_100g,0.35,1.135135,0.123698
stage5_no_skin_100g,0.375,1.185711,0.128826
stage5_no_skin_100g,0.4,1.195924,0.129428
stage5_no_skin_100g,0.425,1.25452,0.135777
stage5_no_skin_100g,0.45,1.387009,0.150455
stage5_no_skin_100g,0.475,1.518874,0.165188
stage5_no_skin_100g,0.5,1.577904,0.171566
stage5_no_skin_100g,0.525,1.589824,0.172304
stage5_no_skin_100g,0.55,1.638786,0.177266
stage5_no_skin_100g,0.575,1.760263,0.190972
stage5_no_skin_100g,0.6,1.897236,0.206237
stage5_no_skin_100g,0.625,1.973712,0.214515
stage5_no_skin_100g,0.65,1.986679,0.215381
stage5_no_skin_100g,0.675,2.022137,0.219078
stage5_no_skin_100g,0.7,2.134632,0.231291
stage5_no_skin_100g,0.725,2.27629,0.247361
stage5_no_skin_100g,0.75,2.363451,0.256866
stage5_no_skin_100g,0.775,2.384464,0.258768
stage5_no_skin_100g,0.8,2.411592,0.261075
stage5_no_skin_100g,0.825,2.506596,0.271814
stage5_no_skin_100g,0.85,2.650942,0.287832
stage5_no_skin_100g,0.875,2.754143,0.299309
stage5_no_skin_100g,0.9,2.782246,0.301904
stage5_no_skin_100g,0.925,2.798586,0.303361
stage5_no_skin_100g,0.95,2.884877,0.312531
stage5_no_skin_100g,0.975,3.025365,0.328454
stage5_no_skin_100g,1,3.138723,0.341082
stage5_no_skin_100g,1.025,3.159818,0.343402
stage5_no_skin_100g,1.05,3.076722,0.333781
stage5_no_skin_100g,1.075,3.002405,0.325186
stage5_no_skin_100g,1.1,3.033161,0.328694
stage5_no_skin_100g,1.125,3.127633,0.339599
stage5_no_skin_100g,1.15,3.161202,0.343859
stage5_no_skin_100g,1.175,3.094706,0.335756
stage5_no_skin_100g,1.2,3.012115,0.326272
stage5_no_skin_100g,1.2,3.012115,0.326272
stage5_no_skin_100g,1.205,3.003601,0.325223
stage5_no_skin_100g,1.21,3.001378,0.324908
stage5_no_skin_100g,1.215,3.001235,0.324836
stage5_no_skin_100g,1.22,3.008937,0.325766
stage5_no_skin_100g,1.225,3.018,0.32687
stage5_no_skin_100g,1.23,3.033224,0.328764
stage5_no_skin_100g,1.235,3.049706,0.330796
stage5_no_skin_100g,1.24,3.069179,0.333154
stage5_no_skin_100g,1.245,3.088947,0.335484
stage5_no_skin_100g,1.25,3.109037,0.337784
stage5_no_skin_100g,1.255,3.132744,0.340214
stage5_no_skin_100g,1.26,3.163246,0.343074
stage5_no_skin_100g,1.265,3.207653,0.346962
stage5_no_skin_100g,1.27,3.280487,0.353494
stage5_no_skin_100g,1.275,3.380766,0.363061
stage5_no_skin_100g,1.28,3.509567,0.376046
stage5_no_skin_100g,1.285,3.667572,0.392713
stage5_no_skin_100g,1.29,3.854559,0.413168
stage5_no_skin_100g,1.295,4.075931,0.438127
stage5_no_skin_100g,1.3,4.318399,0.465699
stage5_no_skin_100g,1.305,4.576455,0.495047
stage5_no_skin_100g,1.31,4.844566,0.525393
stage5_no_skin_100g,1.315,5.116691,0.555954
stage5_no_skin_100g,1.32,5.381103,0.585412
stage5_no_skin_100g,1.325,5.629534,0.613123
stage5_no_skin_100g,1.33,5.857209,0.638676
stage5_no_skin_100g,1.335,6.056121,0.661263
stage5_no_skin_100g,1.34,6.21891,0.680035
stage5_no_skin_100g,1.345,6.342941,0.694506
stage5_no_skin_100g,1.35,6.426714,0.704247
stage5_no_skin_100g,1.355,6.470696,0.709058
stage5_no_skin_100g,1.36,6.47759,0.709108
stage5_no_skin_100g,1.365,6.449556,0.70464
stage5_no_skin_100g,1.37,6.39283,0.696581
stage5_no_skin_100g,1.375,6.313302,0.685904
stage5_no_skin_100g,1.38,6.217629,0.673687
stage5_no_skin_100g,1.385,6.112996,0.660992
stage5_no_skin_100g,1.39,6.006856,0.648759
stage5_no_skin_100g,1.395,5.90689,0.637763
stage5_no_skin_100g,1.4,5.821296,0.628656
stage5_no_skin_100g,1.405,5.755499,0.621715
stage5_no_skin_100g,1.41,5.713753,0.617235
stage5_no_skin_100g,1.415,5.698248,0.615467
stage5_no_skin_100g,1.42,5.708858,0.616559
stage5_no_skin_100g,1.425,5.743168,0.62047
stage5_no_skin_100g,1.43,5.796754,0.626898
stage5_no_skin_100g,1.435,5.863611,0.635243
stage5_no_skin_100g,1.44,5.936571,0.644615
stage5_no_skin_100g,1.445,6.007701,0.6539
stage5_no_skin_100g,1.45,6.067425,0.661716
stage5_no_skin_100g,1.455,6.107544,0.66693
stage5_no_skin_100g,1.46,6.120674,0.668673
stage5_no_skin_100g,1.465,6.100372,0.666344
stage5_no_skin_100g,1.47,6.041697,0.659615
stage5_no_skin_100g,1.475,5.94161,0.648397
stage5_no_skin_100g,1.48,5.799271,0.632791
stage5_no_skin_100g,1.485,5.61623,0.613019
stage5_no_skin_100g,1.49,5.39644,0.589388
stage5_no_skin_100g,1.495,5.146006,0.562296
stage5_no_skin_100g,1.5,4.872057,0.532203
stage5_no_skin_100g,1.505,4.58419,0.499969
stage5_no_skin_100g,1.51,4.292074,0.466716
stage5_no_skin_100g,1.515,4.004173,0.433605
stage5_no_skin_100g,1.52,3.728303,0.401836
stage5_no_skin_100g,1.525,3.471298,0.372496
stage5_no_skin_100g,1.53,3.238705,0.346421
stage5_no_skin_100g,1.535,3.034573,0.324121
stage5_no_skin_100g,1.54,2.861304,0.305742
stage5_no_skin_100g,1.545,2.719541,0.291099
stage5_no_skin_100g,1.55,2.608438,0.279814
stage5_no_skin_100g,1.555,2.526327,0.271519
stage5_no_skin_100g,1.56,2.466567,0.265521
stage5_no_skin_100g,1.565,2.423488,0.261366
stage5_no_skin_100g,1.57,2.390553,0.258546
stage5_no_skin_100g,1.575,2.360692,0.256422
stage5_no_skin_100g,1.58,2.326755,0.25419
stage5_no_skin_100g,1.585,2.281992,0.250928
stage5_no_skin_100g,1.59,2.220449,0.245684
stage5_no_skin_100g,1.595,2.137218,0.237596
stage5_no_skin_100g,1.6,2.028612,0.226018
stage5_no_skin_100g,1.605,1.890519,0.210374
stage5_no_skin_100g,1.61,1.723669,0.190945
stage5_no_skin_100g,1.615,1.529951,0.168292
stage5_no_skin_100g,1.62,1.312668,0.143175
stage5_no_skin_100g,1.625,1.077063,0.116484
stage5_no_skin_100g,1.63,0.830167,0.089127
stage5_no_skin_100g,1.635,0.5802,0.061965
stage5_no_skin_100g,1.64,0.336217,0.03592
stage5_no_skin_100g,1.645,0.113268,0.014164
stage5_no_skin_100g,1.65,0.123201,0.017608
stage5_no_skin_100g,1.655,0.281992,0.034851
stage5_no_skin_100g,1.66,0.413875,0.049827
stage5_no_skin_100g,1.665,0.50739,0.060595
stage5_no_skin_100g,1.67,0.557231,0.066227
stage5_no_skin_100g,1.675,0.562425,0.066469
stage5_no_skin_100g,1.68,0.528422,0.062012
stage5_no_skin_100g,1.685,0.457716,0.053302
stage5_no_skin_100g,1.69,0.355775,0.041228
stage5_no_skin_100g,1.695,0.232451,0.027158
stage5_no_skin_100g,1.7,0.098608,0.012731
stage5_no_skin_100g,1.705,0.060339,0.008668
stage5_no_skin_100g,1.71,0.196986,0.022099
stage5_no_skin_100g,1.715,0.325942,0.03639
stage5_no_skin_100g,1.72,0.437548,0.049358
stage5_no_skin_100g,1.725,0.526703,0.0602
stage5_no_skin_100g,1.73,0.589817,0.06827
stage5_no_skin_100g,1.735,0.626474,0.073181
stage5_no_skin_100g,1.74,0.637888,0.074686
stage5_no_skin_100g,1.745,0.629803,0.073307
stage5_no_skin_100g,1.75,0.606691,0.069561
stage5_no_skin_100g,1.755,0.573682,0.064153
stage5_no_skin_100g,1.76,0.537349,0.058116
stage5_no_skin_100g,1.765,0.505595,0.052815
stage5_no_skin_100g,1.77,0.485142,0.049622
stage5_no_skin_100g,1.775,0.484681,0.05018
stage5_no_skin_100g,1.78,0.508981,0.053989
stage5_no_skin_100g,1.785,0.562059,0.060275
stage5_no_skin_100g,1.79,0.65105,0.069349
stage5_no_skin_100g,1.795,0.773238,0.081407
stage5_no_skin_100g,1.8,0.935991,0.097809
stage5_no_skin_100g,1.805,1.133422,0.118605
stage5_no_skin_100g,1.81,1.364466,0.143879
stage5_no_skin_100g,1.815,1.625002,0.173111
stage5_no_skin_100g,1.82,1.905993,0.2051
stage5_no_skin_100g,1.825,2.203069,0.239174
stage5_no_skin_100g,1.83,2.505678,0.273809
stage5_no_skin_100g,1.835,2.805888,0.30777
stage5_no_skin_100g,1.84,3.095373,0.339936
stage5_no_skin_100g,1.845,3.366811,0.369517
stage5_no_skin_100g,1.85,3.609817,0.395513
stage5_no_skin_100g,1.855,3.821176,0.418014
stage5_no_skin_100g,1.86,3.981375,0.435521
stage5_no_skin_100g,1.865,4.085605,0.447733
stage5_no_skin_100g,1.87,4.125847,0.453604
stage5_no_skin_100g,1.875,4.097666,0.452124
stage5_no_skin_100g,1.88,4.012006,0.443904
stage5_no_skin_100g,1.885,3.863979,0.42773
stage5_no_skin_100g,1.89,3.673845,0.405835
stage5_no_skin_100g,1.895,3.448707,0.379081
stage5_no_skin_100g,1.9,3.203009,0.349587
stage5_no_skin_100g,1.9,3.203009,0.349587
stage5_no_skin_100g,1.925,2.171354,0.230011
stage5_no_skin_100g,1.95,2.369337,0.249158
stage5_no_skin_100g,1.975,3.48042,0.383999
stage5_no_skin_100g,2,4.093144,0.451998
stage5_no_skin_100g,2.025,3.366686,0.36825
stage5_no_skin_100g,2.05,2.235192,0.233885
stage5_no_skin_100g,2.075,2.238274,0.23952
stage5_no_skin_100g,2.1,3.402486,0.368405
stage5_no_skin_100g,2.125,4.100144,0.455418
stage5_no_skin_100g,2.15,3.443189,0.376693
stage5_no_skin_100g,2.175,2.33611,0.248677
stage5_no_skin_100g,2.2,2.208871,0.231499
stage5_no_skin_125g,0,0,0
stage5_no_skin_125g,0.025,0.020405,0.001817
stage5_no_skin_125g,0.05,0.117597,0.012465
stage5_no_skin_125g,0.075,0.261153,0.028537
stage5_no_skin_125g,0.1,0.364827,0.040185
stage5_no_skin_125g,0.125,0.395477,0.042946
stage5_no_skin_125g,0.15,0.4125,0.044294
stage5_no_skin_125g,0.175,0.49394,0.053293
stage5_no_skin_125g,0.2,0.636616,0.069273
stage5_no_skin_125g,0.225,0.752802,0.082065
stage5_no_skin_125g,0.25,0.789786,0.085891
stage5_no_skin_125g,0.275,0.802463,0.086739
stage5_no_skin_125g,0.3,0.875483,0.094519
stage5_no_skin_125g,0.325,1.011659,0.109866
stage5_no_skin_125g,0.35,1.135237,0.1237
stage5_no_skin_125g,0.375,1.185867,0.128834
stage5_no_skin_125g,0.4,1.196076,0.129435
stage5_no_skin_125g,0.425,1.254618,0.135777
stage5_no_skin_125g,0.45,1.387081,0.150452
stage5_no_skin_125g,0.475,1.518999,0.165189
stage5_no_skin_125g,0.5,1.578105,0.171575
stage5_no_skin_125g,0.525,1.590034,0.172314
stage5_no_skin_125g,0.55,1.638927,0.177268
stage5_no_skin_125g,0.575,1.760356,0.190968
stage5_no_skin_125g,0.6,1.897378,0.206237
stage5_no_skin_125g,0.625,1.973969,0.214528
stage5_no_skin_125g,0.65,1.986957,0.215396
stage5_no_skin_125g,0.675,2.022339,0.219084
stage5_no_skin_125g,0.7,2.134736,0.231284
stage5_no_skin_125g,0.725,2.276471,0.247362
stage5_no_skin_125g,0.75,2.363687,0.256873
stage5_no_skin_125g,0.775,2.384806,0.258787
stage5_no_skin_125g,0.8,2.411827,0.26108
stage5_no_skin_125g,0.825,2.506691,0.271804
stage5_no_skin_125g,0.85,2.651056,0.287822
stage5_no_skin_125g,0.875,2.754422,0.299317
stage5_no_skin_125g,0.9,2.782655,0.301927
stage5_no_skin_125g,0.925,2.798813,0.303364
stage5_no_skin_125g,0.95,2.885113,0.312534
stage5_no_skin_125g,0.975,3.025503,0.328443
stage5_no_skin_125g,1,3.139072,0.341096
stage5_no_skin_125g,1.025,3.160375,0.34344
stage5_no_skin_125g,1.05,3.077089,0.333796
stage5_no_skin_125g,1.075,3.002687,0.325192
stage5_no_skin_125g,1.1,3.033272,0.328681
stage5_no_skin_125g,1.125,3.128047,0.339619
stage5_no_skin_125g,1.15,3.161435,0.343856
stage5_no_skin_125g,1.175,3.095118,0.335778
stage5_no_skin_125g,1.2,3.012298,0.326268
stage5_no_skin_125g,1.2,3.012298,0.326268
stage5_no_skin_125g,1.205,3.004047,0.325248
stage5_no_skin_125g,1.21,3.001543,0.324902
stage5_no_skin_125g,1.215,3.001701,0.324867
stage5_no_skin_125g,1.22,3.00911,0.32576
stage5_no_skin_125g,1.225,3.017968,0.326838
stage5_no_skin_125g,1.23,3.03341,0.328758
stage5_no_skin_125g,1.235,3.049782,0.330779
stage5_no_skin_125g,1.24,3.069362,0.333145
stage5_no_skin_125g,1.245,3.089132,0.33548
stage5_no_skin_125g,1.25,3.109183,0.33777
stage5_no_skin_125g,1.255,3.133194,0.34023
stage5_no_skin_125g,1.26,3.166984,0.343318
stage5_no_skin_125g,1.265,3.221538,0.348034
stage5_no_skin_125g,1.27,3.305107,0.355413
stage5_no_skin_125g,1.275,3.427094,0.366901
stage5_no_skin_125g,1.28,3.591017,0.383419
stage5_no_skin_125g,1.285,3.79496,0.405048
stage5_no_skin_125g,1.29,4.037314,0.43171
stage5_no_skin_125g,1.295,4.314452,0.462905
stage5_no_skin_125g,1.3,4.620874,0.497765
stage5_no_skin_125g,1.305,4.949423,0.535168
stage5_no_skin_125g,1.31,5.291528,0.573875
stage5_no_skin_125g,1.315,5.637424,0.612662
stage5_no_skin_125g,1.32,5.973538,0.6501
stage5_no_skin_125g,1.325,6.289011,0.685289
stage5_no_skin_125g,1.33,6.576132,0.71756
stage5_no_skin_125g,1.335,6.825906,0.745999
stage5_no_skin_125g,1.34,7.030017,0.769618
stage5_no_skin_125g,1.345,7.184548,0.787725
stage5_no_skin_125g,1.35,7.286255,0.799578
stage5_no_skin_125g,1.355,7.334998,0.804798
stage5_no_skin_125g,1.36,7.336728,0.803942
stage5_no_skin_125g,1.365,7.29531,0.797509
stage5_no_skin_125g,1.37,7.218635,0.78669
stage5_no_skin_125g,1.375,7.113921,0.772686
stage5_no_skin_125g,1.38,6.988678,0.756786
stage5_no_skin_125g,1.385,6.852708,0.740465
stage5_no_skin_125g,1.39,6.71684,0.724955
stage5_no_skin_125g,1.395,6.590071,0.711077
stage5_no_skin_125g,1.4,6.480847,0.699422
stage5_no_skin_125g,1.405,6.399161,0.690725
stage5_no_skin_125g,1.41,6.350281,0.685377
stage5_no_skin_125g,1.415,6.33492,0.683536
stage5_no_skin_125g,1.42,6.352633,0.685379
stage5_no_skin_125g,1.425,6.40038,0.690853
stage5_no_skin_125g,1.43,6.475018,0.699903
stage5_no_skin_125g,1.435,6.565627,0.711298
stage5_no_skin_125g,1.44,6.662715,0.723777
stage5_no_skin_125g,1.445,6.756578,0.735937
stage5_no_skin_125g,1.45,6.8369,0.746285
stage5_no_skin_125g,1.455,6.889405,0.752922
stage5_no_skin_125g,1.46,6.907234,0.755138
stage5_no_skin_125g,1.465,6.882662,0.752235
stage5_no_skin_125g,1.47,6.80971,0.743839
stage5_no_skin_125g,1.475,6.682046,0.729598
stage5_no_skin_125g,1.48,6.495857,0.709358
stage5_no_skin_125g,1.485,6.259119,0.683934
stage5_no_skin_125g,1.49,5.977279,0.653675
stage5_no_skin_125g,1.495,5.658099,0.619067
stage5_no_skin_125g,1.5,5.309511,0.580582
stage5_no_skin_125g,1.505,4.944203,0.53946
stage5_no_skin_125g,1.51,4.574493,0.497217
stage5_no_skin_125g,1.515,4.21066,0.4553
stage5_no_skin_125g,1.52,3.862181,0.415175
stage5_no_skin_125g,1.525,3.540987,0.378645
stage5_no_skin_125g,1.53,3.252522,0.346535
stage5_no_skin_125g,1.535,3.000687,0.319254
stage5_no_skin_125g,1.54,2.788068,0.29687
stage5_no_skin_125g,1.545,2.6153,0.279086
stage5_no_skin_125g,1.55,2.485377,0.26583
stage5_no_skin_125g,1.555,2.388625,0.255916
stage5_no_skin_125g,1.56,2.31945,0.24886
stage5_no_skin_125g,1.565,2.270953,0.244207
stage5_no_skin_125g,1.57,2.235326,0.24142
stage5_no_skin_125g,1.575,2.202781,0.239577
stage5_no_skin_125g,1.58,2.163659,0.237434
stage5_no_skin_125g,1.585,2.109908,0.233787
stage5_no_skin_125g,1.59,2.034355,0.227433
stage5_no_skin_125g,1.595,1.928516,0.216951
stage5_no_skin_125g,1.6,1.787499,0.201525
stage5_no_skin_125g,1.605,1.611007,0.181229
stage5_no_skin_125g,1.61,1.39854,0.156319
stage5_no_skin_125g,1.615,1.151748,0.127459
stage5_no_skin_125g,1.62,0.871925,0.095356
stage5_no_skin_125g,1.625,0.569434,0.061628
stage5_no_skin_125g,1.63,0.255051,0.028607
stage5_no_skin_125g,1.635,0.096347,0.014935
stage5_no_skin_125g,1.64,0.382781,0.044665
stage5_no_skin_125g,1.645,0.670853,0.076139
stage5_no_skin_125g,1.65,0.927931,0.104856
stage5_no_skin_125g,1.655,1.14369,0.129415
stage5_no_skin_125g,1.66,1.310483,0.148629
stage5_no_skin_125g,1.665,1.417423,0.160872
stage5_no_skin_125g,1.67,1.474306,0.167098
stage5_no_skin_125g,1.675,1.476695,0.166749
stage5_no_skin_125g,1.68,1.429025,0.160452
stage5_no_skin_125g,1.685,1.334464,0.148804
stage5_no_skin_125g,1.69,1.2021,0.133119
stage5_no_skin_125g,1.695,1.041536,0.114656
stage5_no_skin_125g,1.7,0.863884,0.094653
stage5_no_skin_125g,1.705,0.68027,0.07419
stage5_no_skin_125g,1.71,0.503776,0.054484
stage5_no_skin_125g,1.715,0.344359,0.036686
stage5_no_skin_125g,1.72,0.214913,0.023556
stage5_no_skin_125g,1.725,0.137986,0.019785
stage5_no_skin_125g,1.73,0.137342,0.022864
stage5_no_skin_125g,1.735,0.153416,0.026236
stage5_no_skin_125g,1.74,0.152615,0.026633
stage5_no_skin_125g,1.745,0.132949,0.023903
stage5_no_skin_125g,1.75,0.101807,0.018967
stage5_no_skin_125g,1.755,0.084532,0.014449
stage5_no_skin_125g,1.76,0.116217,0.01518
stage5_no_skin_125g,1.765,0.161974,0.020925
stage5_no_skin_125g,1.77,0.204978,0.027647
stage5_no_skin_125g,1.775,0.233119,0.032899
stage5_no_skin_125g,1.78,0.236854,0.035344
stage5_no_skin_125g,1.785,0.213937,0.03455
stage5_no_skin_125g,1.79,0.180899,0.032077
stage5_no_skin_125g,1.795,0.218397,0.033334
stage5_no_skin_125g,1.8,0.396009,0.04354
stage5_no_skin_125g,1.805,0.642707,0.064922
stage5_no_skin_125g,1.81,0.936293,0.096313
stage5_no_skin_125g,1.815,1.267283,0.133685
stage5_no_skin_125g,1.82,1.626173,0.174864
stage5_no_skin_125g,1.825,2.002813,0.218201
stage5_no_skin_125g,1.83,2.386481,0.261997
stage5_no_skin_125g,1.835,2.76441,0.304373
stage5_no_skin_125g,1.84,3.12723,0.344347
stage5_no_skin_125g,1.845,3.46451,0.380855
stage5_no_skin_125g,1.85,3.767039,0.413209
stage5_no_skin_125g,1.855,4.023723,0.440716
stage5_no_skin_125g,1.86,4.220027,0.462374
stage5_no_skin_125g,1.865,4.343197,0.477035
stage5_no_skin_125g,1.87,4.389052,0.483957
stage5_no_skin_125g,1.875,4.352936,0.482009
stage5_no_skin_125g,1.88,4.235922,0.470454
stage5_no_skin_125g,1.885,4.047919,0.449744
stage5_no_skin_125g,1.89,3.804871,0.421558
stage5_no_skin_125g,1.895,3.521392,0.387845
stage5_no_skin_125g,1.9,3.21377,0.351018
stage5_no_skin_125g,1.9,3.21377,0.351018
stage5_no_skin_125g,1.925,1.932088,0.20291
stage5_no_skin_125g,1.95,2.204465,0.230115
stage5_no_skin_125g,1.975,3.599789,0.39886
stage5_no_skin_125g,2,4.347473,0.481629
stage5_no_skin_125g,2.025,3.417572,0.374359
stage5_no_skin_125g,2.05,2.009309,0.207235
stage5_no_skin_125g,2.075,2.03612,0.216833
stage5_no_skin_125g,2.1,3.506973,0.379865
stage5_no_skin_125g,2.125,4.359276,0.486129
stage5_no_skin_125g,2.15,3.513456,0.385174
stage5_no_skin_125g,2.175,2.131145,0.225351
stage5_no_skin_125g,2.2,1.999696,0.207877
stage5_volumetric_skin_125g,0,0,0
stage5_volumetric_skin_125g,0.025,0.017844,0.006884
stage5_volumetric_skin_125g,0.05,0.07856,0.031948
stage5_volumetric_skin_125g,0.075,0.118127,0.047895
stage5_volumetric_skin_125g,0.1,0.124553,0.050079
stage5_volumetric_skin_125g,0.125,0.169533,0.068383
stage5_volumetric_skin_125g,0.15,0.22763,0.092274
stage5_volumetric_skin_125g,0.175,0.241772,0.097557
stage5_volumetric_skin_125g,0.2,0.263781,0.10636
stage5_volumetric_skin_125g,0.225,0.326562,0.132016
stage5_volumetric_skin_125g,0.25,0.360243,0.145786
stage5_volumetric_skin_125g,0.275,0.368242,0.148385
stage5_volumetric_skin_125g,0.3,0.417593,0.168709
stage5_volumetric_skin_125g,0.325,0.472782,0.191224
stage5_volumetric_skin_125g,0.35,0.484176,0.195535
stage5_volumetric_skin_125g,0.375,0.510283,0.205834
stage5_volumetric_skin_125g,0.4,0.571656,0.231169
stage5_volumetric_skin_125g,0.425,0.604758,0.244394
stage5_volumetric_skin_125g,0.45,0.613481,0.247612
stage5_volumetric_skin_125g,0.475,0.662753,0.2676
stage5_volumetric_skin_125g,0.5,0.717297,0.290128
stage5_volumetric_skin_125g,0.525,0.729539,0.294517
stage5_volumetric_skin_125g,0.55,0.754308,0.304523
stage5_volumetric_skin_125g,0.575,0.817456,0.330349
stage5_volumetric_skin_125g,0.6,0.849375,0.343323
stage5_volumetric_skin_125g,0.625,0.858666,0.346533
stage5_volumetric_skin_125g,0.65,0.907596,0.366625
stage5_volumetric_skin_125g,0.675,0.962231,0.388941
stage5_volumetric_skin_125g,0.7,0.974108,0.393442
stage5_volumetric_skin_125g,0.725,1.000439,0.403814
stage5_volumetric_skin_125g,0.75,1.062009,0.429283
stage5_volumetric_skin_125g,0.775,1.094187,0.442058
stage5_volumetric_skin_125g,0.8,1.103106,0.445406
stage5_volumetric_skin_125g,0.825,1.15327,0.465756
stage5_volumetric_skin_125g,0.85,1.207469,0.488109
stage5_volumetric_skin_125g,0.875,1.218962,0.492259
stage5_volumetric_skin_125g,0.9,1.24502,0.502701
stage5_volumetric_skin_125g,0.925,1.307449,0.528321
stage5_volumetric_skin_125g,0.95,1.338618,0.540922
stage5_volumetric_skin_125g,0.975,1.348667,0.544459
stage5_volumetric_skin_125g,1,1.398155,0.56483
stage5_volumetric_skin_125g,1.025,1.434366,0.579946
stage5_volumetric_skin_125g,1.05,1.385642,0.559513
stage5_volumetric_skin_125g,1.075,1.371644,0.553582
stage5_volumetric_skin_125g,1.1,1.426868,0.576865
stage5_volumetric_skin_125g,1.125,1.41652,0.572433
stage5_volumetric_skin_125g,1.15,1.364414,0.550626
stage5_volumetric_skin_125g,1.175,1.399029,0.56504
stage5_volumetric_skin_125g,1.2,1.434573,0.580158
stage5_volumetric_skin_125g,1.2,1.434573,0.580158
stage5_volumetric_skin_125g,1.205,1.429696,0.578056
stage5_volumetric_skin_125g,1.21,1.421145,0.574401
stage5_volumetric_skin_125g,1.215,1.410481,0.569852
stage5_volumetric_skin_125g,1.22,1.397566,0.56441
stage5_volumetric_skin_125g,1.225,1.385443,0.559327
stage5_volumetric_skin_125g,1.23,1.374526,0.554788
stage5_volumetric_skin_125g,1.235,1.368004,0.552103
stage5_volumetric_skin_125g,1.24,1.363903,0.55043
stage5_volumetric_skin_125g,1.245,1.366118,0.551368
stage5_volumetric_skin_125g,1.25,1.373885,0.5545
stage5_volumetric_skin_125g,1.255,1.386547,0.559568
stage5_volumetric_skin_125g,1.26,1.415142,0.570649
stage5_volumetric_skin_125g,1.265,1.466248,0.59026
stage5_volumetric_skin_125g,1.27,1.546088,0.621224
stage5_volumetric_skin_125g,1.275,1.655935,0.66477
stage5_volumetric_skin_125g,1.28,1.79088,0.719418
stage5_volumetric_skin_125g,1.285,1.94441,0.782663
stage5_volumetric_skin_125g,1.29,2.107789,0.8507
stage5_volumetric_skin_125g,1.295,2.270997,0.918923
stage5_volumetric_skin_125g,1.3,2.423847,0.982571
stage5_volumetric_skin_125g,1.305,2.557146,1.037455
stage5_volumetric_skin_125g,1.31,2.663772,1.080628
stage5_volumetric_skin_125g,1.315,2.739527,1.110677
stage5_volumetric_skin_125g,1.32,2.783697,1.127617
stage5_volumetric_skin_125g,1.325,2.799219,1.13277
stage5_volumetric_skin_125g,1.33,2.792751,1.128934
stage5_volumetric_skin_125g,1.335,2.771904,1.119368
stage5_volumetric_skin_125g,1.34,2.749554,1.109323
stage5_volumetric_skin_125g,1.345,2.73552,1.102774
stage5_volumetric_skin_125g,1.35,2.738233,1.103311
stage5_volumetric_skin_125g,1.355,2.763723,1.113535
stage5_volumetric_skin_125g,1.36,2.818109,1.135863
stage5_volumetric_skin_125g,1.365,2.896493,1.168109
stage5_volumetric_skin_125g,1.37,2.992914,1.207779
stage5_volumetric_skin_125g,1.375,3.098604,1.251269
stage5_volumetric_skin_125g,1.38,3.203011,1.294357
stage5_volumetric_skin_125g,1.385,3.292993,1.331853
stage5_volumetric_skin_125g,1.39,3.359313,1.359964
stage5_volumetric_skin_125g,1.395,3.396342,1.376182
stage5_volumetric_skin_125g,1.4,3.401142,1.378928
stage5_volumetric_skin_125g,1.405,3.373839,1.367851
stage5_volumetric_skin_125g,1.41,3.315226,1.343021
stage5_volumetric_skin_125g,1.415,3.233111,1.307869
stage5_volumetric_skin_125g,1.42,3.137082,1.26682
stage5_volumetric_skin_125g,1.425,3.03666,1.224326
stage5_volumetric_skin_125g,1.43,2.941705,1.184832
stage5_volumetric_skin_125g,1.435,2.862671,1.152769
stage5_volumetric_skin_125g,1.44,2.807226,1.131015
stage5_volumetric_skin_125g,1.445,2.776963,1.119739
stage5_volumetric_skin_125g,1.45,2.770872,1.11812
stage5_volumetric_skin_125g,1.455,2.784284,1.124105
stage5_volumetric_skin_125g,1.46,2.809576,1.134754
stage5_volumetric_skin_125g,1.465,2.835361,1.14571
stage5_volumetric_skin_125g,1.47,2.850224,1.152498
stage5_volumetric_skin_125g,1.475,2.844613,1.151324
stage5_volumetric_skin_125g,1.48,2.811231,1.139121
stage5_volumetric_skin_125g,1.485,2.74516,1.113444
stage5_volumetric_skin_125g,1.49,2.643779,1.072601
stage5_volumetric_skin_125g,1.495,2.514984,1.019707
stage5_volumetric_skin_125g,1.5,2.365776,0.9578
stage5_volumetric_skin_125g,1.505,2.20501,0.890826
stage5_volumetric_skin_125g,1.51,2.042403,0.823163
stage5_volumetric_skin_125g,1.515,1.889597,0.760035
stage5_volumetric_skin_125g,1.52,1.754431,0.704773
stage5_volumetric_skin_125g,1.525,1.642761,0.659713
stage5_volumetric_skin_125g,1.53,1.557814,0.625999
stage5_volumetric_skin_125g,1.535,1.499729,0.603491
stage5_volumetric_skin_125g,1.54,1.467515,0.591618
stage5_volumetric_skin_125g,1.545,1.450854,0.586031
stage5_volumetric_skin_125g,1.55,1.439961,0.582647
stage5_volumetric_skin_125g,1.555,1.424299,0.577151
stage5_volumetric_skin_125g,1.56,1.393734,0.56545
stage5_volumetric_skin_125g,1.565,1.33716,0.543034
stage5_volumetric_skin_125g,1.57,1.251368,0.508575
stage5_volumetric_skin_125g,1.575,1.137268,0.462377
stage5_volumetric_skin_125g,1.58,0.998399,0.405825
stage5_volumetric_skin_125g,1.585,0.841227,0.341563
stage5_volumetric_skin_125g,1.59,0.674574,0.273162
stage5_volumetric_skin_125g,1.595,0.510361,0.205439
stage5_volumetric_skin_125g,1.6,0.35837,0.142549
stage5_volumetric_skin_125g,1.605,0.23125,0.090295
stage5_volumetric_skin_125g,1.61,0.132119,0.051331
stage5_volumetric_skin_125g,1.615,0.064544,0.028673
stage5_volumetric_skin_125g,1.62,0.029632,0.017475
stage5_volumetric_skin_125g,1.625,0.018317,0.010075
stage5_volumetric_skin_125g,1.63,0.027973,0.011462
stage5_volumetric_skin_125g,1.635,0.049046,0.02178
stage5_volumetric_skin_125g,1.64,0.069757,0.031329
stage5_volumetric_skin_125g,1.645,0.079706,0.035629
stage5_volumetric_skin_125g,1.65,0.070363,0.031569
stage5_volumetric_skin_125g,1.655,0.036513,0.017709
stage5_volumetric_skin_125g,1.66,0.026942,0.011393
stage5_volumetric_skin_125g,1.665,0.112287,0.04408
stage5_volumetric_skin_125g,1.67,0.214883,0.08571
stage5_volumetric_skin_125g,1.675,0.32373,0.130261
stage5_volumetric_skin_125g,1.68,0.427029,0.173083
stage5_volumetric_skin_125g,1.685,0.513705,0.209626
stage5_volumetric_skin_125g,1.69,0.574716,0.235908
stage5_volumetric_skin_125g,1.695,0.603893,0.248945
stage5_volumetric_skin_125g,1.7,0.59504,0.245633
stage5_volumetric_skin_125g,1.705,0.557474,0.229808
stage5_volumetric_skin_125g,1.71,0.492603,0.202083
stage5_volumetric_skin_125g,1.715,0.40722,0.165548
stage5_volumetric_skin_125g,1.72,0.310084,0.124314
stage5_volumetric_skin_125g,1.725,0.212127,0.08354
stage5_volumetric_skin_125g,1.73,0.124598,0.048419
stage5_volumetric_skin_125g,1.735,0.054834,0.022783
stage5_volumetric_skin_125g,1.74,0.016726,0.012655
stage5_volumetric_skin_125g,1.745,0.018323,0.010878
stage5_volumetric_skin_125g,1.75,0.012463,0.00743
stage5_volumetric_skin_125g,1.755,0.010673,0.005084
stage5_volumetric_skin_125g,1.76,0.039185,0.016374
stage5_volumetric_skin_125g,1.765,0.065269,0.027723
stage5_volumetric_skin_125g,1.77,0.076263,0.033219
stage5_volumetric_skin_125g,1.775,0.062817,0.028988
stage5_volumetric_skin_125g,1.78,0.02683,0.016917
stage5_volumetric_skin_125g,1.785,0.063127,0.026369
stage5_volumetric_skin_125g,1.79,0.173089,0.067346
stage5_volumetric_skin_125g,1.795,0.309815,0.122655
stage5_volumetric_skin_125g,1.8,0.464639,0.186061
stage5_volumetric_skin_125g,1.805,0.6275,0.253322
stage5_volumetric_skin_125g,1.81,0.787258,0.319692
stage5_volumetric_skin_125g,1.815,0.933924,0.380673
stage5_volumetric_skin_125g,1.82,1.05951,0.432556
stage5_volumetric_skin_125g,1.825,1.158827,0.472862
stage5_volumetric_skin_125g,1.83,1.230132,0.500774
stage5_volumetric_skin_125g,1.835,1.275355,0.517339
stage5_volumetric_skin_125g,1.84,1.299947,0.525319
stage5_volumetric_skin_125g,1.845,1.312345,0.528761
stage5_volumetric_skin_125g,1.85,1.32376,0.532574
stage5_volumetric_skin_125g,1.855,1.342176,0.540057
stage5_volumetric_skin_125g,1.86,1.36677,0.55091
stage5_volumetric_skin_125g,1.865,1.394767,0.563567
stage5_volumetric_skin_125g,1.87,1.423118,0.576163
stage5_volumetric_skin_125g,1.875,1.449392,0.587378
stage5_volumetric_skin_125g,1.88,1.470084,0.595635
stage5_volumetric_skin_125g,1.885,1.481935,0.599867
stage5_volumetric_skin_125g,1.89,1.482657,0.599556
stage5_volumetric_skin_125g,1.895,1.471713,0.594797
stage5_volumetric_skin_125g,1.9,1.450571,0.586271
stage5_volumetric_skin_125g,1.9,1.450571,0.586271
stage5_volumetric_skin_125g,1.925,1.321106,0.532263
stage5_volumetric_skin_125g,1.95,1.392101,0.562333
stage5_volumetric_skin_125g,1.975,1.48104,0.600144
stage5_volumetric_skin_125g,2,1.364736,0.54996
stage5_volumetric_skin_125g,2.025,1.337332,0.539557
stage5_volumetric_skin_125g,2.05,1.469625,0.595003
stage5_volumetric_skin_125g,2.075,1.424626,0.575476
stage5_volumetric_skin_125g,2.1,1.316223,0.530652
stage5_volumetric_skin_125g,2.125,1.420977,0.574224
stage5_volumetric_skin_125g,2.15,1.47116,0.595727
stage5_volumetric_skin_125g,2.175,1.341117,0.540418
stage5_volumetric_skin_125g,2.2,1.35875,0.548744
stage5_volumetric_skin_soft_interior_125g,0,0,0
stage5_volumetric_skin_soft_interior_125g,0.025,0.020017,0.005829
stage5_volumetric_skin_soft_interior_125g,0.05,0.109122,0.032808
stage5_volumetric_skin_soft_interior_125g,0.075,0.223285,0.068432
stage5_volumetric_skin_soft_interior_125g,0.1,0.286564,0.087529
stage5_volumetric_skin_soft_interior_125g,0.125,0.298868,0.09068
stage5_volumetric_skin_soft_interior_125g,0.15,0.338448,0.102612
stage5_volumetric_skin_soft_interior_125g,0.175,0.441801,0.134373
stage5_volumetric_skin_soft_interior_125g,0.2,0.547891,0.167151
stage5_volumetric_skin_soft_interior_125g,0.225,0.590525,0.179837
stage5_volumetric_skin_soft_interior_125g,0.25,0.59963,0.182135
stage5_volumetric_skin_soft_interior_125g,0.275,0.662006,0.201044
stage5_volumetric_skin_soft_interior_125g,0.3,0.778003,0.236847
stage5_volumetric_skin_soft_interior_125g,0.325,0.864597,0.263584
stage5_volumetric_skin_soft_interior_125g,0.35,0.887677,0.270004
stage5_volumetric_skin_soft_interior_125g,0.375,0.90908,0.276162
stage5_volumetric_skin_soft_interior_125g,0.4,0.992847,0.301953
stage5_volumetric_skin_soft_interior_125g,0.425,1.107982,0.337286
stage5_volumetric_skin_soft_interior_125g,0.45,1.174624,0.357863
stage5_volumetric_skin_soft_interior_125g,0.475,1.186791,0.360887
stage5_volumetric_skin_soft_interior_125g,0.5,1.223603,0.371735
stage5_volumetric_skin_soft_interior_125g,0.525,1.326946,0.403853
stage5_volumetric_skin_soft_interior_125g,0.55,1.434905,0.436881
stage5_volumetric_skin_soft_interior_125g,0.575,1.476674,0.449501
stage5_volumetric_skin_soft_interior_125g,0.6,1.487157,0.452227
stage5_volumetric_skin_soft_interior_125g,0.625,1.548766,0.470721
stage5_volumetric_skin_soft_interior_125g,0.65,1.66139,0.505709
stage5_volumetric_skin_soft_interior_125g,0.675,1.75123,0.533243
stage5_volumetric_skin_soft_interior_125g,0.7,1.777216,0.540745
stage5_volumetric_skin_soft_interior_125g,0.725,1.794897,0.54564
stage5_volumetric_skin_soft_interior_125g,0.75,1.876699,0.570779
stage5_volumetric_skin_soft_interior_125g,0.775,1.994536,0.607184
stage5_volumetric_skin_soft_interior_125g,0.8,2.060667,0.627223
stage5_volumetric_skin_soft_interior_125g,0.825,2.076498,0.631732
stage5_volumetric_skin_soft_interior_125g,0.85,2.111421,0.641973
stage5_volumetric_skin_soft_interior_125g,0.875,2.208026,0.671579
stage5_volumetric_skin_soft_interior_125g,0.9,2.316631,0.705358
stage5_volumetric_skin_soft_interior_125g,0.925,2.369791,0.721278
stage5_volumetric_skin_soft_interior_125g,0.95,2.382694,0.724556
stage5_volumetric_skin_soft_interior_125g,0.975,2.429636,0.738948
stage5_volumetric_skin_soft_interior_125g,1,2.536986,0.771861
stage5_volumetric_skin_soft_interior_125g,1.025,2.617919,0.797117
stage5_volumetric_skin_soft_interior_125g,1.05,2.566669,0.781621
stage5_volumetric_skin_soft_interior_125g,1.075,2.465714,0.7493
stage5_volumetric_skin_soft_interior_125g,1.1,2.465457,0.74934
stage5_volumetric_skin_soft_interior_125g,1.125,2.567532,0.781744
stage5_volumetric_skin_soft_interior_125g,1.15,2.616565,0.796767
stage5_volumetric_skin_soft_interior_125g,1.175,2.537319,0.772148
stage5_volumetric_skin_soft_interior_125g,1.2,2.450735,0.744709
stage5_volumetric_skin_soft_interior_125g,1.2,2.450735,0.744709
stage5_volumetric_skin_soft_interior_125g,1.205,2.448432,0.74396
stage5_volumetric_skin_soft_interior_125g,1.21,2.450177,0.744505
stage5_volumetric_skin_soft_interior_125g,1.215,2.457597,0.746864
stage5_volumetric_skin_soft_interior_125g,1.22,2.471612,0.751321
stage5_volumetric_skin_soft_interior_125g,1.225,2.488302,0.756626
stage5_volumetric_skin_soft_interior_125g,1.23,2.509887,0.763464
stage5_volumetric_skin_soft_interior_125g,1.235,2.532289,0.770538
stage5_volumetric_skin_soft_interior_125g,1.24,2.555519,0.77785
stage5_volumetric_skin_soft_interior_125g,1.245,2.576318,0.784355
stage5_volumetric_skin_soft_interior_125g,1.25,2.596798,0.790705
stage5_volumetric_skin_soft_interior_125g,1.255,2.617616,0.796988
stage5_volumetric_skin_soft_interior_125g,1.26,2.648584,0.806077
stage5_volumetric_skin_soft_interior_125g,1.265,2.690516,0.818236
stage5_volumetric_skin_soft_interior_125g,1.27,2.762251,0.838947
stage5_volumetric_skin_soft_interior_125g,1.275,2.870237,0.870348
stage5_volumetric_skin_soft_interior_125g,1.28,3.012788,0.912245
stage5_volumetric_skin_soft_interior_125g,1.285,3.189711,0.964873
stage5_volumetric_skin_soft_interior_125g,1.29,3.39904,1.027895
stage5_volumetric_skin_soft_interior_125g,1.295,3.637124,1.100394
stage5_volumetric_skin_soft_interior_125g,1.3,3.900422,1.181481
stage5_volumetric_skin_soft_interior_125g,1.305,4.177615,1.267606
stage5_volumetric_skin_soft_interior_125g,1.31,4.457548,1.355082
stage5_volumetric_skin_soft_interior_125g,1.315,4.731548,1.441025
stage5_volumetric_skin_soft_interior_125g,1.32,4.991638,1.522744
stage5_volumetric_skin_soft_interior_125g,1.325,5.226777,1.596525
stage5_volumetric_skin_soft_interior_125g,1.33,5.429477,1.659758
stage5_volumetric_skin_soft_interior_125g,1.335,5.593565,1.710322
stage5_volumetric_skin_soft_interior_125g,1.34,5.712297,1.746061
stage5_volumetric_skin_soft_interior_125g,1.345,5.786547,1.767483
stage5_volumetric_skin_soft_interior_125g,1.35,5.817788,1.775353
stage5_volumetric_skin_soft_interior_125g,1.355,5.809956,1.771178
stage5_volumetric_skin_soft_interior_125g,1.36,5.769304,1.757082
stage5_volumetric_skin_soft_interior_125g,1.365,5.702954,1.735391
stage5_volumetric_skin_soft_interior_125g,1.37,5.620567,1.709149
stage5_volumetric_skin_soft_interior_125g,1.375,5.531655,1.681265
stage5_volumetric_skin_soft_interior_125g,1.38,5.446131,1.654663
stage5_volumetric_skin_soft_interior_125g,1.385,5.373308,1.63198
stage5_volumetric_skin_soft_interior_125g,1.39,5.31955,1.61509
stage5_volumetric_skin_soft_interior_125g,1.395,5.289809,1.605584
stage5_volumetric_skin_soft_interior_125g,1.4,5.291619,1.605928
stage5_volumetric_skin_soft_interior_125g,1.405,5.321282,1.615066
stage5_volumetric_skin_soft_interior_125g,1.41,5.376313,1.632292
stage5_volumetric_skin_soft_interior_125g,1.415,5.453033,1.656522
stage5_volumetric_skin_soft_interior_125g,1.42,5.545702,1.68597
stage5_volumetric_skin_soft_interior_125g,1.425,5.643778,1.717263
stage5_volumetric_skin_soft_interior_125g,1.43,5.738657,1.74768
stage5_volumetric_skin_soft_interior_125g,1.435,5.819589,1.773825
stage5_volumetric_skin_soft_interior_125g,1.44,5.875665,1.792215
stage5_volumetric_skin_soft_interior_125g,1.445,5.900392,1.800749
stage5_volumetric_skin_soft_interior_125g,1.45,5.887264,1.797344
stage5_volumetric_skin_soft_interior_125g,1.455,5.825687,1.778672
stage5_volumetric_skin_soft_interior_125g,1.46,5.716552,1.745086
stage5_volumetric_skin_soft_interior_125g,1.465,5.562474,1.697469
stage5_volumetric_skin_soft_interior_125g,1.47,5.366565,1.636848
stage5_volumetric_skin_soft_interior_125g,1.475,5.129419,1.563493
stage5_volumetric_skin_soft_interior_125g,1.48,4.866563,1.482297
stage5_volumetric_skin_soft_interior_125g,1.485,4.587804,1.396333
stage5_volumetric_skin_soft_interior_125g,1.49,4.303903,1.30891
stage5_volumetric_skin_soft_interior_125g,1.495,4.027633,1.223867
stage5_volumetric_skin_soft_interior_125g,1.5,3.768643,1.144068
stage5_volumetric_skin_soft_interior_125g,1.505,3.534716,1.071886
stage5_volumetric_skin_soft_interior_125g,1.51,3.334861,1.010164
stage5_volumetric_skin_soft_interior_125g,1.515,3.172308,0.960043
stage5_volumetric_skin_soft_interior_125g,1.52,3.044488,0.920833
stage5_volumetric_skin_soft_interior_125g,1.525,2.949082,0.891896
stage5_volumetric_skin_soft_interior_125g,1.53,2.884762,0.872986
stage5_volumetric_skin_soft_interior_125g,1.535,2.841175,0.860989
stage5_volumetric_skin_soft_interior_125g,1.54,2.809645,0.853204
stage5_volumetric_skin_soft_interior_125g,1.545,2.781656,0.846838
stage5_volumetric_skin_soft_interior_125g,1.55,2.746302,0.838224
stage5_volumetric_skin_soft_interior_125g,1.555,2.695317,0.824538
stage5_volumetric_skin_soft_interior_125g,1.56,2.621572,0.803442
stage5_volumetric_skin_soft_interior_125g,1.565,2.517375,0.772478
stage5_volumetric_skin_soft_interior_125g,1.57,2.376461,0.729684
stage5_volumetric_skin_soft_interior_125g,1.575,2.201069,0.675819
stage5_volumetric_skin_soft_interior_125g,1.58,1.992116,0.611213
stage5_volumetric_skin_soft_interior_125g,1.585,1.749971,0.53604
stage5_volumetric_skin_soft_interior_125g,1.59,1.48225,0.452785
stage5_volumetric_skin_soft_interior_125g,1.595,1.198397,0.364526
stage5_volumetric_skin_soft_interior_125g,1.6,0.907072,0.274138
stage5_volumetric_skin_soft_interior_125g,1.605,0.619322,0.185339
stage5_volumetric_skin_soft_interior_125g,1.61,0.345574,0.102092
stage5_volumetric_skin_soft_interior_125g,1.615,0.113901,0.034388
stage5_volumetric_skin_soft_interior_125g,1.62,0.161155,0.047996
stage5_volumetric_skin_soft_interior_125g,1.625,0.315841,0.09961
stage5_volumetric_skin_soft_interior_125g,1.63,0.443137,0.139068
stage5_volumetric_skin_soft_interior_125g,1.635,0.528914,0.165176
stage5_volumetric_skin_soft_interior_125g,1.64,0.572122,0.178243
stage5_volumetric_skin_soft_interior_125g,1.645,0.576467,0.179437
stage5_volumetric_skin_soft_interior_125g,1.65,0.548348,0.170631
stage5_volumetric_skin_soft_interior_125g,1.655,0.495909,0.154226
stage5_volumetric_skin_soft_interior_125g,1.66,0.428358,0.132935
stage5_volumetric_skin_soft_interior_125g,1.665,0.35531,0.109642
stage5_volumetric_skin_soft_interior_125g,1.67,0.286142,0.087434
stage5_volumetric_skin_soft_interior_125g,1.675,0.229493,0.069186
stage5_volumetric_skin_soft_interior_125g,1.68,0.193173,0.057663
stage5_volumetric_skin_soft_interior_125g,1.685,0.183956,0.055848
stage5_volumetric_skin_soft_interior_125g,1.69,0.20485,0.061825
stage5_volumetric_skin_soft_interior_125g,1.695,0.255333,0.074863
stage5_volumetric_skin_soft_interior_125g,1.7,0.332895,0.097125
stage5_volumetric_skin_soft_interior_125g,1.705,0.432379,0.12801
stage5_volumetric_skin_soft_interior_125g,1.71,0.546389,0.164533
stage5_volumetric_skin_soft_interior_125g,1.715,0.665844,0.203293
stage5_volumetric_skin_soft_interior_125g,1.72,0.780527,0.240746
stage5_volumetric_skin_soft_interior_125g,1.725,0.879753,0.273216
stage5_volumetric_skin_soft_interior_125g,1.73,0.953149,0.297178
stage5_volumetric_skin_soft_interior_125g,1.735,0.99148,0.309599
stage5_volumetric_skin_soft_interior_125g,1.74,0.987447,0.308243
stage5_volumetric_skin_soft_interior_125g,1.745,0.936375,0.291855
stage5_volumetric_skin_soft_interior_125g,1.75,0.836676,0.260201
stage5_volumetric_skin_soft_interior_125g,1.755,0.690012,0.214035
stage5_volumetric_skin_soft_interior_125g,1.76,0.500762,0.154914
stage5_volumetric_skin_soft_interior_125g,1.765,0.277237,0.085549
stage5_volumetric_skin_soft_interior_125g,1.77,0.052691,0.013898
stage5_volumetric_skin_soft_interior_125g,1.775,0.245529,0.075614
stage5_volumetric_skin_soft_interior_125g,1.78,0.514035,0.15758
stage5_volumetric_skin_soft_interior_125g,1.785,0.776201,0.237727
stage5_volumetric_skin_soft_interior_125g,1.79,1.020845,0.312655
stage5_volumetric_skin_soft_interior_125g,1.795,1.23924,0.379772
stage5_volumetric_skin_soft_interior_125g,1.8,1.425317,0.437197
stage5_volumetric_skin_soft_interior_125g,1.805,1.576024,0.483855
stage5_volumetric_skin_soft_interior_125g,1.81,1.691408,0.519528
stage5_volumetric_skin_soft_interior_125g,1.815,1.774436,0.544885
stage5_volumetric_skin_soft_interior_125g,1.82,1.830658,0.561479
stage5_volumetric_skin_soft_interior_125g,1.825,1.86772,0.571637
stage5_volumetric_skin_soft_interior_125g,1.83,1.894699,0.578232
stage5_volumetric_skin_soft_interior_125g,1.835,1.921469,0.584459
stage5_volumetric_skin_soft_interior_125g,1.84,1.95788,0.593569
stage5_volumetric_skin_soft_interior_125g,1.845,2.012793,0.608525
stage5_volumetric_skin_soft_interior_125g,1.85,2.093714,0.631837
stage5_volumetric_skin_soft_interior_125g,1.855,2.203252,0.66449
stage5_volumetric_skin_soft_interior_125g,1.86,2.333675,0.704358
stage5_volumetric_skin_soft_interior_125g,1.865,2.474462,0.748352
stage5_volumetric_skin_soft_interior_125g,1.87,2.615646,0.793387
stage5_volumetric_skin_soft_interior_125g,1.875,2.748014,0.83631
stage5_volumetric_skin_soft_interior_125g,1.88,2.863221,0.874154
stage5_volumetric_skin_soft_interior_125g,1.885,2.954067,0.904325
stage5_volumetric_skin_soft_interior_125g,1.89,3.014897,0.924756
stage5_volumetric_skin_soft_interior_125g,1.895,3.04198,0.93405
stage5_volumetric_skin_soft_interior_125g,1.9,3.033774,0.931634
stage5_volumetric_skin_soft_interior_125g,1.9,3.033774,0.931634
stage5_volumetric_skin_soft_interior_125g,1.925,2.564939,0.778898
stage5_volumetric_skin_soft_interior_125g,1.95,2.04159,0.616969
stage5_volumetric_skin_soft_interior_125g,1.975,2.267108,0.687812
stage5_volumetric_skin_soft_interior_125g,2,2.937603,0.898572
stage5_volumetric_skin_soft_interior_125g,2.025,2.976054,0.908401
stage5_volumetric_skin_soft_interior_125g,2.05,2.282438,0.693313
stage5_volumetric_skin_soft_interior_125g,2.075,2.005754,0.605599
stage5_volumetric_skin_soft_interior_125g,2.1,2.57448,0.780878
stage5_volumetric_skin_soft_interior_125g,2.125,3.042521,0.934918
stage5_volumetric_skin_soft_interior_125g,2.15,2.730096,0.830823
stage5_volumetric_skin_soft_interior_125g,2.175,2.117929,0.6395
stage5_volumetric_skin_soft_interior_125g,2.2,2.13425,0.648429
full_gland_088kPa,0.0000,4.113e-13,8.5869e-14
full_gland_088kPa,0.025000,0.021711,0.0018002
full_gland_088kPa,0.050000,0.1374,0.012264
full_gland_088kPa,0.075000,0.35142,0.033003
full_gland_088kPa,0.10000,0.59337,0.056616
full_gland_088kPa,0.12500,0.76989,0.073308
full_gland_088kPa,0.15000,0.8397,0.079599
full_gland_088kPa,0.17500,0.85058,0.080142
full_gland_088kPa,0.20000,0.90233,0.08468
full_gland_088kPa,0.22500,1.0615,0.0998
full_gland_088kPa,0.25000,1.2999,0.12276
full_gland_088kPa,0.27500,1.5241,0.14462
full_gland_088kPa,0.30000,1.6569,0.15715
full_gland_088kPa,0.32500,1.6932,0.1599
full_gland_088kPa,0.35000,1.7087,0.16103
full_gland_088kPa,0.37500,1.8004,0.16957
full_gland_088kPa,0.40000,2.0001,0.18854
full_gland_088kPa,0.42500,2.2457,0.21239
full_gland_088kPa,0.45000,2.4384,0.23112
full_gland_088kPa,0.47500,2.5274,0.23912
full_gland_088kPa,0.50000,2.5434,0.24001
full_gland_088kPa,0.52500,2.5799,0.24324
full_gland_088kPa,0.55000,2.717,0.2562
full_gland_088kPa,0.57500,2.9472,0.27819
full_gland_088kPa,0.60000,3.1824,0.30114
full_gland_088kPa,0.62500,3.3337,0.31566
full_gland_088kPa,0.65000,3.3853,0.31989
full_gland_088kPa,0.67500,3.3978,0.32058
full_gland_088kPa,0.70000,3.4683,0.32711
full_gland_088kPa,0.72500,3.6496,0.34436
full_gland_088kPa,0.75000,3.8957,0.36814
full_gland_088kPa,0.77500,4.1042,0.3883
full_gland_088kPa,0.80000,4.2103,0.39829
full_gland_088kPa,0.82500,4.2385,0.4004
full_gland_088kPa,0.85000,4.2648,0.40221
full_gland_088kPa,0.87500,4.3757,0.41282
full_gland_088kPa,0.90000,4.5871,0.43328
full_gland_088kPa,0.92500,4.8307,0.45651
full_gland_088kPa,0.95000,5.0078,0.47364
full_gland_088kPa,0.97500,5.0811,0.48056
full_gland_088kPa,1.0000,5.0978,0.48124
full_gland_088kPa,1.0250,5.1237,0.48353
full_gland_088kPa,1.0500,5.1574,0.48763
full_gland_088kPa,1.0750,5.1792,0.48955
full_gland_088kPa,1.1000,5.1698,0.4882
full_gland_088kPa,1.1250,5.1319,0.48483
full_gland_088kPa,1.1500,5.099,0.48163
full_gland_088kPa,1.1750,5.102,0.4817
full_gland_088kPa,1.2000,5.1368,0.48514
full_gland_088kPa,1.2000,5.1368,0.48514
full_gland_088kPa,1.2050,5.1447,0.48593
full_gland_088kPa,1.2100,5.152,0.48668
full_gland_088kPa,1.2150,5.1591,0.48739
full_gland_088kPa,1.2200,5.1649,0.48801
full_gland_088kPa,1.2250,5.1702,0.48857
full_gland_088kPa,1.2300,5.1741,0.48901
full_gland_088kPa,1.2350,5.1771,0.48935
full_gland_088kPa,1.2400,5.1787,0.48955
full_gland_088kPa,1.2450,5.1792,0.48962
full_gland_088kPa,1.2500,5.1785,0.48955
full_gland_088kPa,1.2550,5.1835,0.48988
full_gland_088kPa,1.2600,5.1978,0.49089
full_gland_088kPa,1.2650,5.2364,0.49378
full_gland_088kPa,1.2700,5.3188,0.50027
full_gland_088kPa,1.2750,5.4441,0.51049
full_gland_088kPa,1.2800,5.6164,0.52501
full_gland_088kPa,1.2850,5.8395,0.5443
full_gland_088kPa,1.2900,6.1312,0.5704
full_gland_088kPa,1.2950,6.4815,0.60257
full_gland_088kPa,1.3000,6.8825,0.64014
full_gland_088kPa,1.3050,7.3311,0.68289
full_gland_088kPa,1.3100,7.8257,0.73075
full_gland_088kPa,1.3150,8.3656,0.78371
full_gland_088kPa,1.3200,8.929,0.83935
full_gland_088kPa,1.3250,9.5077,0.89675
full_gland_088kPa,1.3300,10.094,0.95496
full_gland_088kPa,1.3350,10.673,1.0124
full_gland_088kPa,1.3400,11.23,1.0672
full_gland_088kPa,1.3450,11.757,1.1187
full_gland_088kPa,1.3500,12.242,1.1658
full_gland_088kPa,1.3550,12.67,1.207
full_gland_088kPa,1.3600,13.033,1.2416
full_gland_088kPa,1.3650,13.323,1.2691
full_gland_088kPa,1.3700,13.533,1.2887
full_gland_088kPa,1.3750,13.659,1.3002
full_gland_088kPa,1.3800,13.701,1.3037
full_gland_088kPa,1.3850,13.656,1.2989
full_gland_088kPa,1.3900,13.53,1.2863
full_gland_088kPa,1.3950,13.33,1.2667
full_gland_088kPa,1.4000,13.066,1.2407
full_gland_088kPa,1.4050,12.743,1.209
full_gland_088kPa,1.4100,12.373,1.1726
full_gland_088kPa,1.4150,11.972,1.1332
full_gland_088kPa,1.4200,11.552,1.0918
full_gland_088kPa,1.4250,11.126,1.0499
full_gland_088kPa,1.4300,10.706,1.0087
full_gland_088kPa,1.4350,10.308,0.96973
full_gland_088kPa,1.4400,9.9403,0.93388
full_gland_088kPa,1.4450,9.6118,0.902
full_gland_088kPa,1.4500,9.3289,0.87473
full_gland_088kPa,1.4550,9.0962,0.85247
full_gland_088kPa,1.4600,8.9211,0.83592
full_gland_088kPa,1.4650,8.7982,0.82453
full_gland_088kPa,1.4700,8.7224,0.8178
full_gland_088kPa,1.4750,8.6881,0.81517
full_gland_088kPa,1.4800,8.6878,0.81596
full_gland_088kPa,1.4850,8.714,0.81948
full_gland_088kPa,1.4900,8.7549,0.82466
full_gland_088kPa,1.4950,8.799,0.8304
full_gland_088kPa,1.5000,8.8356,0.83573
full_gland_088kPa,1.5050,8.8547,0.8396
full_gland_088kPa,1.5100,8.8447,0.84079
full_gland_088kPa,1.5150,8.7928,0.8379
full_gland_088kPa,1.5200,8.6933,0.83023
full_gland_088kPa,1.5250,8.5391,0.81694
full_gland_088kPa,1.5300,8.3241,0.79739
full_gland_088kPa,1.5350,8.0439,0.77104
full_gland_088kPa,1.5400,7.688,0.73685
full_gland_088kPa,1.5450,7.2657,0.69582
full_gland_088kPa,1.5500,6.7794,0.64835
full_gland_088kPa,1.5550,6.2338,0.59503
full_gland_088kPa,1.5600,5.6357,0.53668
full_gland_088kPa,1.5650,4.9899,0.47387
full_gland_088kPa,1.5700,4.3121,0.40815
full_gland_088kPa,1.5750,3.6154,0.3408
full_gland_088kPa,1.5800,2.9129,0.27307
full_gland_088kPa,1.5850,2.2176,0.20624
full_gland_088kPa,1.5900,1.5479,0.14217
full_gland_088kPa,1.5950,0.91385,0.082233
full_gland_088kPa,1.6000,0.33224,0.033549
full_gland_088kPa,1.6050,0.24457,0.034262
full_gland_088kPa,1.6100,0.6639,0.071745
full_gland_088kPa,1.6150,1.0429,0.10784
full_gland_088kPa,1.6200,1.3438,0.1368
full_gland_088kPa,1.6250,1.5645,0.15814
full_gland_088kPa,1.6300,1.7038,0.17156
full_gland_088kPa,1.6350,1.7659,0.1774
full_gland_088kPa,1.6400,1.7591,0.17632
full_gland_088kPa,1.6450,1.6909,0.16897
full_gland_088kPa,1.6500,1.5708,0.15618
full_gland_088kPa,1.6550,1.4089,0.13896
full_gland_088kPa,1.6600,1.2163,0.11848
full_gland_088kPa,1.6650,1.007,0.096271
full_gland_088kPa,1.6700,0.79288,0.073739
full_gland_088kPa,1.6750,0.58562,0.05259
full_gland_088kPa,1.6800,0.39621,0.036921
full_gland_088kPa,1.6850,0.23814,0.031402
full_gland_088kPa,1.6900,0.17055,0.0318
full_gland_088kPa,1.6950,0.17171,0.032879
full_gland_088kPa,1.7000,0.17476,0.032041
full_gland_088kPa,1.7050,0.15758,0.028572
full_gland_088kPa,1.7100,0.12428,0.02327
full_gland_088kPa,1.7150,0.11623,0.019027
full_gland_088kPa,1.7200,0.23375,0.02135
full_gland_088kPa,1.7250,0.40133,0.036472
full_gland_088kPa,1.7300,0.59472,0.056258
full_gland_088kPa,1.7350,0.80287,0.077553
full_gland_088kPa,1.7400,1.0135,0.098892
full_gland_088kPa,1.7450,1.2134,0.11895
full_gland_088kPa,1.7500,1.3901,0.13654
full_gland_088kPa,1.7550,1.5313,0.15058
full_gland_088kPa,1.7600,1.6256,0.16006
full_gland_088kPa,1.7650,1.6606,0.16389
full_gland_088kPa,1.7700,1.6271,0.1613
full_gland_088kPa,1.7750,1.5199,0.15184
full_gland_088kPa,1.7800,1.3343,0.13507
full_gland_088kPa,1.7850,1.0682,0.11077
full_gland_088kPa,1.7900,0.72203,0.079096
full_gland_088kPa,1.7950,0.32412,0.044235
full_gland_088kPa,1.8000,0.24811,0.036377
full_gland_088kPa,1.8050,0.77693,0.070178
full_gland_088kPa,1.8100,1.3879,0.12464
full_gland_088kPa,1.8150,2.0405,0.18698
full_gland_088kPa,1.8200,2.7219,0.25326
full_gland_088kPa,1.8250,3.4172,0.32143
full_gland_088kPa,1.8300,4.1131,0.38991
full_gland_088kPa,1.8350,4.7974,0.45728
full_gland_088kPa,1.8400,5.4581,0.52219
full_gland_088kPa,1.8450,6.0833,0.5833
full_gland_088kPa,1.8500,6.6618,0.63937
full_gland_088kPa,1.8550,7.1832,0.68942
full_gland_088kPa,1.8600,7.6297,0.73201
full_gland_088kPa,1.8650,7.9843,0.76579
full_gland_088kPa,1.8700,8.2339,0.78967
full_gland_088kPa,1.8750,8.3626,0.80221
full_gland_088kPa,1.8800,8.3719,0.80351
full_gland_088kPa,1.8850,8.2526,0.79259
full_gland_088kPa,1.8900,8.0262,0.77135
full_gland_088kPa,1.8950,7.6948,0.7398
full_gland_088kPa,1.9000,7.2723,0.69914
full_gland_088kPa,1.9000,7.2723,0.69914
full_gland_088kPa,1.9250,4.3777,0.41124
full_gland_088kPa,1.9500,2.157,0.18956
full_gland_088kPa,1.9750,2.4654,0.22379
full_gland_088kPa,2.0000,5.0297,0.4741
full_gland_088kPa,2.0250,7.7053,0.74174
full_gland_088kPa,2.0500,8.2144,0.79147
full_gland_088kPa,2.0750,6.0805,0.57679
full_gland_088kPa,2.1000,3.132,0.28927
full_gland_088kPa,2.1250,1.9369,0.17029
full_gland_088kPa,2.1500,3.4507,0.31557
full_gland_088kPa,2.1750,6.3813,0.61248
full_gland_088kPa,2.2000,8.2885,0.79843
01mm_skin_soft_interior,0.0000,4.0758e-13,2.6434e-14
01mm_skin_soft_interior,0.025000,0.022612,0.0006672
01mm_skin_soft_interior,0.050000,0.1515,0.0047183
01mm_skin_soft_interior,0.075000,0.42718,0.01429
01mm_skin_soft_interior,0.10000,0.82164,0.028566
01mm_skin_soft_interior,0.12500,1.2685,0.044557
01mm_skin_soft_interior,0.15000,1.6742,0.059028
01mm_skin_soft_interior,0.17500,1.9638,0.06943
01mm_skin_soft_interior,0.20000,2.1186,0.074746
01mm_skin_soft_interior,0.22500,2.176,0.076082
01mm_skin_soft_interior,0.25000,2.2061,0.076636
01mm_skin_soft_interior,0.27500,2.295,0.079715
01mm_skin_soft_interior,0.30000,2.5194,0.087586
01mm_skin_soft_interior,0.32500,2.887,0.10056
01mm_skin_soft_interior,0.35000,3.3359,0.11667
01mm_skin_soft_interior,0.37500,3.7696,0.13233
01mm_skin_soft_interior,0.40000,4.0991,0.14394
01mm_skin_soft_interior,0.42500,4.2809,0.1501
01mm_skin_soft_interior,0.45000,4.3378,0.15194
01mm_skin_soft_interior,0.47500,4.3581,0.15231
01mm_skin_soft_interior,0.50000,4.4405,0.15467
01mm_skin_soft_interior,0.52500,4.6459,0.16164
01mm_skin_soft_interior,0.55000,4.9812,0.17371
01mm_skin_soft_interior,0.57500,5.405,0.18904
01mm_skin_soft_interior,0.60000,5.8424,0.20469
01mm_skin_soft_interior,0.62500,6.2024,0.21751
01mm_skin_soft_interior,0.65000,6.4276,0.2254
01mm_skin_soft_interior,0.67500,6.5212,0.22821
01mm_skin_soft_interior,0.70000,6.5422,0.22844
01mm_skin_soft_interior,0.72500,6.5857,0.22985
01mm_skin_soft_interior,0.75000,6.7446,0.23536
01mm_skin_soft_interior,0.77500,7.0609,0.24631
01mm_skin_soft_interior,0.80000,7.4886,0.2615
01mm_skin_soft_interior,0.82500,7.9347,0.27776
01mm_skin_soft_interior,0.85000,8.3103,0.29125
01mm_skin_soft_interior,0.87500,8.5598,0.29986
01mm_skin_soft_interior,0.90000,8.6754,0.30376
01mm_skin_soft_interior,0.92500,8.7106,0.30465
01mm_skin_soft_interior,0.95000,8.7561,0.30561
01mm_skin_soft_interior,0.97500,8.8894,0.31
01mm_skin_soft_interior,1.0000,9.1546,0.31962
01mm_skin_soft_interior,1.0250,9.5226,0.33301
01mm_skin_soft_interior,1.0500,9.85,0.34515
01mm_skin_soft_interior,1.0750,9.9908,0.35059
01mm_skin_soft_interior,1.1000,9.8839,0.34656
01mm_skin_soft_interior,1.1250,9.5789,0.33511
01mm_skin_soft_interior,1.1500,9.2089,0.3215
01mm_skin_soft_interior,1.1750,8.94,0.31167
01mm_skin_soft_interior,1.2000,8.8918,0.30975
01mm_skin_soft_interior,1.2000,8.8918,0.30975
01mm_skin_soft_interior,1.2050,8.9144,0.31055
01mm_skin_soft_interior,1.2100,8.9441,0.31163
01mm_skin_soft_interior,1.2150,8.9829,0.31306
01mm_skin_soft_interior,1.2200,9.0313,0.31486
01mm_skin_soft_interior,1.2250,9.0841,0.31682
01mm_skin_soft_interior,1.2300,9.1471,0.31918
01mm_skin_soft_interior,1.2350,9.2123,0.32162
01mm_skin_soft_interior,1.2400,9.2838,0.32429
01mm_skin_soft_interior,1.2450,9.3568,0.32701
01mm_skin_soft_interior,1.2500,9.4321,0.32981
01mm_skin_soft_interior,1.2550,9.517,0.33286
01mm_skin_soft_interior,1.2600,9.6074,0.33605
01mm_skin_soft_interior,1.2650,9.7327,0.34018
01mm_skin_soft_interior,1.2700,9.8868,0.34512
01mm_skin_soft_interior,1.2750,10.077,0.3511
01mm_skin_soft_interior,1.2800,10.338,0.3592
01mm_skin_soft_interior,1.2850,10.642,0.36872
01mm_skin_soft_interior,1.2900,10.997,0.37988
01mm_skin_soft_interior,1.2950,11.44,0.39411
01mm_skin_soft_interior,1.3000,11.931,0.41016
01mm_skin_soft_interior,1.3050,12.474,0.42815
01mm_skin_soft_interior,1.3100,13.106,0.44971
01mm_skin_soft_interior,1.3150,13.779,0.47304
01mm_skin_soft_interior,1.3200,14.503,0.49858
01mm_skin_soft_interior,1.3250,15.284,0.52661
01mm_skin_soft_interior,1.3300,16.108,0.55658
01mm_skin_soft_interior,1.3350,16.964,0.58798
01mm_skin_soft_interior,1.3400,17.846,0.62051
01mm_skin_soft_interior,1.3450,18.746,0.65369
01mm_skin_soft_interior,1.3500,19.653,0.68706
01mm_skin_soft_interior,1.3550,20.556,0.72017
01mm_skin_soft_interior,1.3600,21.446,0.75262
01mm_skin_soft_interior,1.3650,22.311,0.78403
01mm_skin_soft_interior,1.3700,23.141,0.81401
01mm_skin_soft_interior,1.3750,23.92,0.84213
01mm_skin_soft_interior,1.3800,24.637,0.86802
01mm_skin_soft_interior,1.3850,25.284,0.89141
01mm_skin_soft_interior,1.3900,25.85,0.91202
01mm_skin_soft_interior,1.3950,26.326,0.92953
01mm_skin_soft_interior,1.4000,26.705,0.94367
01mm_skin_soft_interior,1.4050,26.98,0.95421
01mm_skin_soft_interior,1.4100,27.146,0.96095
01mm_skin_soft_interior,1.4150,27.2,0.96373
01mm_skin_soft_interior,1.4200,27.141,0.96246
01mm_skin_soft_interior,1.4250,26.968,0.95705
01mm_skin_soft_interior,1.4300,26.683,0.94747
01mm_skin_soft_interior,1.4350,26.288,0.93374
01mm_skin_soft_interior,1.4400,25.785,0.9158
01mm_skin_soft_interior,1.4450,25.176,0.89368
01mm_skin_soft_interior,1.4500,24.473,0.86785
01mm_skin_soft_interior,1.4550,23.684,0.83859
01mm_skin_soft_interior,1.4600,22.816,0.80624
01mm_skin_soft_interior,1.4650,21.878,0.77121
01mm_skin_soft_interior,1.4700,20.879,0.73397
01mm_skin_soft_interior,1.4750,19.828,0.695
01mm_skin_soft_interior,1.4800,18.736,0.6548
01mm_skin_soft_interior,1.4850,17.612,0.61382
01mm_skin_soft_interior,1.4900,16.468,0.57251
01mm_skin_soft_interior,1.4950,15.315,0.53126
01mm_skin_soft_interior,1.5000,14.166,0.49049
01mm_skin_soft_interior,1.5050,13.032,0.45052
01mm_skin_soft_interior,1.5100,11.926,0.41171
01mm_skin_soft_interior,1.5150,10.858,0.37436
01mm_skin_soft_interior,1.5200,9.8395,0.33876
01mm_skin_soft_interior,1.5250,8.8806,0.30518
01mm_skin_soft_interior,1.5300,7.9878,0.27383
01mm_skin_soft_interior,1.5350,7.1702,0.24499
01mm_skin_soft_interior,1.5400,6.4308,0.21879
01mm_skin_soft_interior,1.5450,5.7722,0.1954
01mm_skin_soft_interior,1.5500,5.2,0.17508
01mm_skin_soft_interior,1.5550,4.7131,0.15789
01mm_skin_soft_interior,1.5600,4.3047,0.14365
01mm_skin_soft_interior,1.5650,3.9707,0.13221
01mm_skin_soft_interior,1.5700,3.7058,0.12339
01mm_skin_soft_interior,1.5750,3.5035,0.11694
01mm_skin_soft_interior,1.5800,3.3561,0.11256
01mm_skin_soft_interior,1.5850,3.2568,0.11
01mm_skin_soft_interior,1.5900,3.1963,0.1089
01mm_skin_soft_interior,1.5950,3.1624,0.10887
01mm_skin_soft_interior,1.6000,3.146,0.1096
01mm_skin_soft_interior,1.6050,3.1377,0.11071
01mm_skin_soft_interior,1.6100,3.1283,0.11181
01mm_skin_soft_interior,1.6150,3.109,0.11245
01mm_skin_soft_interior,1.6200,3.0696,0.11217
01mm_skin_soft_interior,1.6250,3.0012,0.11057
01mm_skin_soft_interior,1.6300,2.8989,0.10746
01mm_skin_soft_interior,1.6350,2.7571,0.10266
01mm_skin_soft_interior,1.6400,2.5641,0.095735
01mm_skin_soft_interior,1.6450,2.3219,0.086879
01mm_skin_soft_interior,1.6500,2.0303,0.076207
01mm_skin_soft_interior,1.6550,1.6886,0.06388
01mm_skin_soft_interior,1.6600,1.2954,0.050113
01mm_skin_soft_interior,1.6650,0.87766,0.036255
01mm_skin_soft_interior,1.6700,0.50369,0.024993
01mm_skin_soft_interior,1.6750,0.40271,0.023826
01mm_skin_soft_interior,1.6800,0.83117,0.035942
01mm_skin_soft_interior,1.6850,1.4046,0.053304
01mm_skin_soft_interior,1.6900,2.003,0.072527
01mm_skin_soft_interior,1.6950,2.6065,0.092562
01mm_skin_soft_interior,1.7000,3.2016,0.11279
01mm_skin_soft_interior,1.7050,3.777,0.13282
01mm_skin_soft_interior,1.7100,4.3224,0.15227
01mm_skin_soft_interior,1.7150,4.8213,0.17053
01mm_skin_soft_interior,1.7200,5.2712,0.18745
01mm_skin_soft_interior,1.7250,5.6525,0.2023
01mm_skin_soft_interior,1.7300,5.9632,0.21491
01mm_skin_soft_interior,1.7350,6.1943,0.22487
01mm_skin_soft_interior,1.7400,6.3321,0.23156
01mm_skin_soft_interior,1.7450,6.3839,0.23516
01mm_skin_soft_interior,1.7500,6.3276,0.23477
01mm_skin_soft_interior,1.7550,6.1751,0.23077
01mm_skin_soft_interior,1.7600,5.9183,0.22283
01mm_skin_soft_interior,1.7650,5.5531,0.21076
01mm_skin_soft_interior,1.7700,5.0933,0.19511
01mm_skin_soft_interior,1.7750,4.521,0.17519
01mm_skin_soft_interior,1.7800,3.861,0.15202
01mm_skin_soft_interior,1.7850,3.1121,0.1256
01mm_skin_soft_interior,1.7900,2.2926,0.096728
01mm_skin_soft_interior,1.7950,1.4542,0.067472
01mm_skin_soft_interior,1.8000,0.74752,0.043342
01mm_skin_soft_interior,1.8050,0.9947,0.044268
01mm_skin_soft_interior,1.8100,2.1124,0.073109
01mm_skin_soft_interior,1.8150,3.3085,0.11364
01mm_skin_soft_interior,1.8200,4.5489,0.15779
01mm_skin_soft_interior,1.8250,5.8184,0.20337
01mm_skin_soft_interior,1.8300,7.102,0.24955
01mm_skin_soft_interior,1.8350,8.3858,0.29576
01mm_skin_soft_interior,1.8400,9.6531,0.34141
01mm_skin_soft_interior,1.8450,10.896,0.38623
01mm_skin_soft_interior,1.8500,12.103,0.42976
01mm_skin_soft_interior,1.8550,13.259,0.47155
01mm_skin_soft_interior,1.8600,14.348,0.511
01mm_skin_soft_interior,1.8650,15.332,0.54688
01mm_skin_soft_interior,1.8700,16.197,0.57865
01mm_skin_soft_interior,1.8750,16.933,0.60588
01mm_skin_soft_interior,1.8800,17.526,0.62805
01mm_skin_soft_interior,1.8850,17.968,0.64474
01mm_skin_soft_interior,1.8900,18.252,0.65564
01mm_skin_soft_interior,1.8950,18.373,0.66052
01mm_skin_soft_interior,1.9000,18.326,0.65914
01mm_skin_soft_interior,1.9000,18.326,0.65914
01mm_skin_soft_interior,1.9250,15.66,0.55991
01mm_skin_soft_interior,1.9500,10.179,0.35714
01mm_skin_soft_interior,1.9750,4.3631,0.1459
01mm_skin_soft_interior,2.0000,1.2445,0.072685
01mm_skin_soft_interior,2.0250,1.8959,0.10766
01mm_skin_soft_interior,2.0500,5.4403,0.18703
01mm_skin_soft_interior,2.0750,11.03,0.39192
01mm_skin_soft_interior,2.1000,16.035,0.57737
01mm_skin_soft_interior,2.1250,18.171,0.65536
01mm_skin_soft_interior,2.1500,16.379,0.58888
01mm_skin_soft_interior,2.1750,11.528,0.40753
01mm_skin_soft_interior,2.2000,5.7054,0.19492
stage6_tumor_large_central_hard100kPa,0,4.11302333375e-13,3.91740544272e-13
stage6_tumor_large_central_hard100kPa,0.025,0.020017408852,0.00582888079682
stage6_tumor_large_central_hard100kPa,0.05,0.109121938861,0.0328084032863
stage6_tumor_large_central_hard100kPa,0.07500000000000001,0.223285167759,0.0684315900206
stage6_tumor_large_central_hard100kPa,0.1,0.286563584606,0.0875289842203
stage6_tumor_large_central_hard100kPa,0.125,0.298867804566,0.0906799326422
stage6_tumor_large_central_hard100kPa,0.15000000000000002,0.338448166762,0.102611939139
stage6_tumor_large_central_hard100kPa,0.17500000000000002,0.441800865774,0.134372688665
stage6_tumor_large_central_hard100kPa,0.2,0.547890762583,0.167150816051
stage6_tumor_large_central_hard100kPa,0.225,0.590525251433,0.179836509686
stage6_tumor_large_central_hard100kPa,0.25,0.599629938935,0.182134731187
stage6_tumor_large_central_hard100kPa,0.275,0.66200564204,0.201043636295
stage6_tumor_large_central_hard100kPa,0.30000000000000004,0.778003251528,0.236847120813
stage6_tumor_large_central_hard100kPa,0.325,0.864596558519,0.263583771063
stage6_tumor_large_central_hard100kPa,0.35000000000000003,0.887677423936,0.270003712907
stage6_tumor_large_central_hard100kPa,0.375,0.909079713008,0.276162058981
stage6_tumor_large_central_hard100kPa,0.4,0.992846647572,0.301953254884
stage6_tumor_large_central_hard100kPa,0.42500000000000004,1.10798171573,0.337285799531
stage6_tumor_large_central_hard100kPa,0.45,1.1746239626,0.357863075229
stage6_tumor_large_central_hard100kPa,0.47500000000000003,1.1867905033,0.360886762829
stage6_tumor_large_central_hard100kPa,0.5,1.223603207,0.371735259074
stage6_tumor_large_central_hard100kPa,0.525,1.32694600218,0.403853450521
stage6_tumor_large_central_hard100kPa,0.55,1.43490454531,0.436881140212
stage6_tumor_large_central_hard100kPa,0.5750000000000001,1.47667401696,0.449500764999
stage6_tumor_large_central_hard100kPa,0.6000000000000001,1.48715669491,0.452227202653
stage6_tumor_large_central_hard100kPa,0.625,1.54876576646,0.470721360142
stage6_tumor_large_central_hard100kPa,0.65,1.66138958848,0.505709007733
stage6_tumor_large_central_hard100kPa,0.675,1.75123037539,0.533242869037
stage6_tumor_large_central_hard100kPa,0.7000000000000001,1.77721631184,0.540745383164
stage6_tumor_large_central_hard100kPa,0.7250000000000001,1.79489729943,0.545639754271
stage6_tumor_large_central_hard100kPa,0.75,1.87669921142,0.570778911568
stage6_tumor_large_central_hard100kPa,0.775,1.99453598417,0.607184204353
stage6_tumor_large_central_hard100kPa,0.8,2.06066690039,0.627223199181
stage6_tumor_large_central_hard100kPa,0.8250000000000001,2.07649798918,0.631732061197
stage6_tumor_large_central_hard100kPa,0.8500000000000001,2.11142070625,0.64197339757
stage6_tumor_large_central_hard100kPa,0.875,2.20802550603,0.671579059815
stage6_tumor_large_central_hard100kPa,0.9,2.31663068439,0.705358084553
stage6_tumor_large_central_hard100kPa,0.925,2.36979066719,0.721278318739
stage6_tumor_large_central_hard100kPa,0.9500000000000001,2.38269368306,0.724555519782
stage6_tumor_large_central_hard100kPa,0.9750000000000001,2.42963564516,0.738948085915
stage6_tumor_large_central_hard100kPa,1,2.53698648183,0.771860982981
stage6_tumor_large_central_hard100kPa,1.0250000000000001,2.61791862478,0.79711652555
stage6_tumor_large_central_hard100kPa,1.05,2.56666906729,0.781620897718
stage6_tumor_large_central_hard100kPa,1.075,2.46571411102,0.74929977685
stage6_tumor_large_central_hard100kPa,1.1,2.46545704896,0.749340143689
stage6_tumor_large_central_hard100kPa,1.125,2.56753163509,0.781743640708
stage6_tumor_large_central_hard100kPa,1.1500000000000001,2.61656506921,0.796766967825
stage6_tumor_large_central_hard100kPa,1.175,2.53731875556,0.772147607988
stage6_tumor_large_central_hard100kPa,1.2000000000000002,2.4507346379,0.744709451468
stage6_tumor_large_central_hard100kPa,1.2,2.4507346379,0.744709451468
stage6_tumor_large_central_hard100kPa,1.2049999999999998,2.44843231013,0.743960092151
stage6_tumor_large_central_hard100kPa,1.21,2.45017672598,0.744504628215
stage6_tumor_large_central_hard100kPa,1.2149999999999999,2.45759695504,0.746863736832
stage6_tumor_large_central_hard100kPa,1.22,2.47161223839,0.751321259082
stage6_tumor_large_central_hard100kPa,1.2249999999999999,2.48830222925,0.75662605435
stage6_tumor_large_central_hard100kPa,1.23,2.50988738035,0.763464326127
stage6_tumor_large_central_hard100kPa,1.2349999999999999,2.5322887152,0.770537727772
stage6_tumor_large_central_hard100kPa,1.24,2.55551932773,0.777850029262
stage6_tumor_large_central_hard100kPa,1.2449999999999999,2.57631767199,0.784354971044
stage6_tumor_large_central_hard100kPa,1.25,2.59679827096,0.790705288724
stage6_tumor_large_central_hard100kPa,1.255,2.61761641644,0.796988023375
stage6_tumor_large_central_hard100kPa,1.26,2.64858429989,0.806077353954
stage6_tumor_large_central_hard100kPa,1.265,2.69051599009,0.818236175886
stage6_tumor_large_central_hard100kPa,1.27,2.76225064626,0.838947325748
stage6_tumor_large_central_hard100kPa,1.275,2.87023663397,0.870348176947
stage6_tumor_large_central_hard100kPa,1.28,3.01278779551,0.912244935085
stage6_tumor_large_central_hard100kPa,1.285,3.18971103529,0.964872539751
stage6_tumor_large_central_hard100kPa,1.29,3.39904023533,1.02789460477
stage6_tumor_large_central_hard100kPa,1.295,3.63712391465,1.10039396832
stage6_tumor_large_central_hard100kPa,1.3,3.90042177066,1.18148114301
stage6_tumor_large_central_hard100kPa,1.305,4.17761472683,1.26760632464
stage6_tumor_large_central_hard100kPa,1.31,4.45754807607,1.35508217505
stage6_tumor_large_central_hard100kPa,1.315,4.73154753889,1.44102474174
stage6_tumor_large_central_hard100kPa,1.3199999999999998,4.99163813279,1.52274365031
stage6_tumor_large_central_hard100kPa,1.325,5.22677739393,1.59652548545
stage6_tumor_large_central_hard100kPa,1.33,5.42947676235,1.65975762249
stage6_tumor_large_central_hard100kPa,1.335,5.59356505838,1.7103219529
stage6_tumor_large_central_hard100kPa,1.3399999999999999,5.71229666512,1.74606097491
stage6_tumor_large_central_hard100kPa,1.345,5.78654715785,1.76748276382
stage6_tumor_large_central_hard100kPa,1.3499999999999999,5.81778753558,1.77535256006
stage6_tumor_large_central_hard100kPa,1.355,5.80995630927,1.77117824742
stage6_tumor_large_central_hard100kPa,1.3599999999999999,5.76930415949,1.75708212579
stage6_tumor_large_central_hard100kPa,1.365,5.7029543012,1.73539071244
stage6_tumor_large_central_hard100kPa,1.3699999999999999,5.62056668328,1.70914885896
stage6_tumor_large_central_hard100kPa,1.375,5.53165470062,1.68126495814
stage6_tumor_large_central_hard100kPa,1.38,5.44613125885,1.6546626589
stage6_tumor_large_central_hard100kPa,1.385,5.37330845606,1.63197958823
stage6_tumor_large_central_hard100kPa,1.39,5.31955003177,1.61508959755
stage6_tumor_large_central_hard100kPa,1.395,5.28980889041,1.60558382825
stage6_tumor_large_central_hard100kPa,1.4,5.29161904854,1.60592832438
stage6_tumor_large_central_hard100kPa,1.405,5.32128217976,1.61506569918
stage6_tumor_large_central_hard100kPa,1.41,5.37631312339,1.63229216676
stage6_tumor_large_central_hard100kPa,1.415,5.4530333571,1.65652199921
stage6_tumor_large_central_hard100kPa,1.42,5.5457023825,1.68596986804
stage6_tumor_large_central_hard100kPa,1.425,5.64377829306,1.71726311304
stage6_tumor_large_central_hard100kPa,1.43,5.73865674575,1.74768013307
stage6_tumor_large_central_hard100kPa,1.435,5.8195891147,1.77382523407
stage6_tumor_large_central_hard100kPa,1.44,5.87566493996,1.79221501506
stage6_tumor_large_central_hard100kPa,1.4449999999999998,5.90039172634,1.8007489554
stage6_tumor_large_central_hard100kPa,1.45,5.88726376179,1.79734351809
stage6_tumor_large_central_hard100kPa,1.455,5.8256865521,1.77867224271
stage6_tumor_large_central_hard100kPa,1.46,5.71655169374,1.74508557306
stage6_tumor_large_central_hard100kPa,1.4649999999999999,5.56247447476,1.69746906399
stage6_tumor_large_central_hard100kPa,1.47,5.36656473535,1.6368476198
stage6_tumor_large_central_hard100kPa,1.475,5.12941899498,1.56349334496
stage6_tumor_large_central_hard100kPa,1.48,4.86656333472,1.48229650292
stage6_tumor_large_central_hard100kPa,1.4849999999999999,4.58780360388,1.39633285649
stage6_tumor_large_central_hard100kPa,1.49,4.30390341915,1.30891038869
stage6_tumor_large_central_hard100kPa,1.4949999999999999,4.02763297679,1.22386667041
stage6_tumor_large_central_hard100kPa,1.5,3.76864271394,1.14406829089
stage6_tumor_large_central_hard100kPa,1.505,3.53471574576,1.0718858604
stage6_tumor_large_central_hard100kPa,1.51,3.33486089807,1.01016392844
stage6_tumor_large_central_hard100kPa,1.515,3.1723081227,0.960042750209
stage6_tumor_large_central_hard100kPa,1.52,3.04448842861,0.920832501209
stage6_tumor_large_central_hard100kPa,1.525,2.94908248775,0.891895660131
stage6_tumor_large_central_hard100kPa,1.53,2.88476150575,0.872986473356
stage6_tumor_large_central_hard100kPa,1.535,2.84117517942,0.860989397838
stage6_tumor_large_central_hard100kPa,1.54,2.8096447482,0.853203767718
stage6_tumor_large_central_hard100kPa,1.545,2.78165621415,0.846838184122
stage6_tumor_large_central_hard100kPa,1.55,2.74630193198,0.838223673459
stage6_tumor_large_central_hard100kPa,1.555,2.6953172505,0.824538294771
stage6_tumor_large_central_hard100kPa,1.56,2.62157234035,0.803441617413
stage6_tumor_large_central_hard100kPa,1.565,2.51737475675,0.772478412056
stage6_tumor_large_central_hard100kPa,1.5699999999999998,2.37646083161,0.729683555024
stage6_tumor_large_central_hard100kPa,1.575,2.201069404,0.675818781239
stage6_tumor_large_central_hard100kPa,1.58,1.99211616827,0.611213373439
stage6_tumor_large_central_hard100kPa,1.585,1.74997121223,0.536039920511
stage6_tumor_large_central_hard100kPa,1.5899999999999999,1.48224990792,0.452784692564
stage6_tumor_large_central_hard100kPa,1.595,1.1983973259,0.364526349177
stage6_tumor_large_central_hard100kPa,1.6,0.907072237129,0.274138035228
stage6_tumor_large_central_hard100kPa,1.605,0.619322353749,0.185339197947
stage6_tumor_large_central_hard100kPa,1.6099999999999999,0.345574246628,0.102092086205
stage6_tumor_large_central_hard100kPa,1.615,0.113901474316,0.0343882802437
stage6_tumor_large_central_hard100kPa,1.6199999999999999,0.161154988057,0.0479960335829
stage6_tumor_large_central_hard100kPa,1.625,0.315841179746,0.099609738083
stage6_tumor_large_central_hard100kPa,1.63,0.443136851278,0.139068368976
stage6_tumor_large_central_hard100kPa,1.635,0.528913634514,0.165176499706
stage6_tumor_large_central_hard100kPa,1.64,0.572122011368,0.178242575184
stage6_tumor_large_central_hard100kPa,1.645,0.576467179031,0.179437391173
stage6_tumor_large_central_hard100kPa,1.65,0.548347712795,0.170631247892
stage6_tumor_large_central_hard100kPa,1.655,0.495909351257,0.15422606812
stage6_tumor_large_central_hard100kPa,1.66,0.428358447728,0.132935001605
stage6_tumor_large_central_hard100kPa,1.665,0.355309750446,0.109641845807
stage6_tumor_large_central_hard100kPa,1.67,0.286142398129,0.0874342511421
stage6_tumor_large_central_hard100kPa,1.675,0.229492966511,0.0691856145268
stage6_tumor_large_central_hard100kPa,1.68,0.193173040675,0.057662576095
stage6_tumor_large_central_hard100kPa,1.685,0.183955712625,0.0558483980579
stage6_tumor_large_central_hard100kPa,1.69,0.204849779384,0.0618254949385
stage6_tumor_large_central_hard100kPa,1.6949999999999998,0.255333229365,0.07486319092
stage6_tumor_large_central_hard100kPa,1.7,0.332894989786,0.0971249165047
stage6_tumor_large_central_hard100kPa,1.705,0.432379158852,0.128009903232
stage6_tumor_large_central_hard100kPa,1.71,0.546389309961,0.164532798202
stage6_tumor_large_central_hard100kPa,1.7149999999999999,0.665843528915,0.203292870981
stage6_tumor_large_central_hard100kPa,1.72,0.780526720211,0.240745744166
stage6_tumor_large_central_hard100kPa,1.725,0.879753186446,0.273215935337
stage6_tumor_large_central_hard100kPa,1.73,0.953148976151,0.297178067219
stage6_tumor_large_central_hard100kPa,1.7349999999999999,0.991479666612,0.309599050767
stage6_tumor_large_central_hard100kPa,1.74,0.987447123222,0.308243082279
stage6_tumor_large_central_hard100kPa,1.745,0.936374649729,0.291854930258
stage6_tumor_large_central_hard100kPa,1.75,0.836675777347,0.260201482122
stage6_tumor_large_central_hard100kPa,1.755,0.690011834164,0.214035043677
stage6_tumor_large_central_hard100kPa,1.76,0.500761642324,0.154914171228
stage6_tumor_large_central_hard100kPa,1.7650000000000001,0.277237383801,0.085549344246
stage6_tumor_large_central_hard100kPa,1.77,0.0526909455294,0.0138983112378
stage6_tumor_large_central_hard100kPa,1.775,0.245529452414,0.0756142285175
stage6_tumor_large_central_hard100kPa,1.7799999999999998,0.514035288323,0.157580373307
stage6_tumor_large_central_hard100kPa,1.785,0.776200547122,0.237727293144
stage6_tumor_large_central_hard100kPa,1.79,1.02084453373,0.312654683532
stage6_tumor_large_central_hard100kPa,1.795,1.23923970336,0.379772396946
stage6_tumor_large_central_hard100kPa,1.7999999999999998,1.42531695674,0.43719723034
stage6_tumor_large_central_hard100kPa,1.805,1.57602428821,0.48385451285
stage6_tumor_large_central_hard100kPa,1.81,1.69140790383,0.519527817117
stage6_tumor_large_central_hard100kPa,1.815,1.77443613207,0.54488509954
stage6_tumor_large_central_hard100kPa,1.8199999999999998,1.8306582453,0.56147939809
stage6_tumor_large_central_hard100kPa,1.825,1.86771966257,0.571636742419
stage6_tumor_large_central_hard100kPa,1.83,1.89469944441,0.578231600925
stage6_tumor_large_central_hard100kPa,1.835,1.92146896088,0.584458995537
stage6_tumor_large_central_hard100kPa,1.8399999999999999,1.95788036226,0.593569106719
stage6_tumor_large_central_hard100kPa,1.845,2.01279309183,0.608524944807
stage6_tumor_large_central_hard100kPa,1.85,2.09371418179,0.631837344563
stage6_tumor_large_central_hard100kPa,1.855,2.2032518721,0.664489776885
stage6_tumor_large_central_hard100kPa,1.8599999999999999,2.33367525427,0.704358310705
stage6_tumor_large_central_hard100kPa,1.865,2.4744617355,0.748352348407
stage6_tumor_large_central_hard100kPa,1.87,2.61564614189,0.793386912442
stage6_tumor_large_central_hard100kPa,1.875,2.74801441849,0.836310017993
stage6_tumor_large_central_hard100kPa,1.88,2.86322105729,0.874154102883
stage6_tumor_large_central_hard100kPa,1.885,2.95406689413,0.904324643078
stage6_tumor_large_central_hard100kPa,1.8900000000000001,3.01489742146,0.924755928095
stage6_tumor_large_central_hard100kPa,1.895,3.04198042028,0.934050354033
stage6_tumor_large_central_hard100kPa,1.9,3.03377396067,0.931634244174
stage6_tumor_large_central_hard100kPa,1.9000000000000001,3.03377396067,0.931634244174
stage6_tumor_large_central_hard100kPa,1.925,2.56493858811,0.778897887077
stage6_tumor_large_central_hard100kPa,1.9500000000000002,2.04159037876,0.616969394327
stage6_tumor_large_central_hard100kPa,1.975,2.26710844888,0.687811925255
stage6_tumor_large_central_hard100kPa,2,2.93760336723,0.898572189147
stage6_tumor_large_central_hard100kPa,2.0250000000000004,2.97605419034,0.908400755076
stage6_tumor_large_central_hard100kPa,2.0500000000000003,2.28243848268,0.693312539587
stage6_tumor_large_central_hard100kPa,2.075,2.00575353,0.605599497447
stage6_tumor_large_central_hard100kPa,2.1,2.57448020338,0.780877745965
stage6_tumor_large_central_hard100kPa,2.125,3.04252115353,0.93491839955
stage6_tumor_large_central_hard100kPa,2.1500000000000004,2.73009575718,0.830822546103
stage6_tumor_large_central_hard100kPa,2.1750000000000003,2.11792889356,0.639500237449
stage6_tumor_large_central_hard100kPa,2.2,2.13424951054,0.648429410184
stage6_tumor_medium_upper_outer_surface,0,4.11251567764e-13,3.93448115237e-13
stage6_tumor_medium_upper_outer_surface,0.025,0.0200172248869,0.00582892047798
stage6_tumor_medium_upper_outer_surface,0.05,0.109118411042,0.0328080200036
stage6_tumor_medium_upper_outer_surface,0.07500000000000001,0.223275081206,0.0684297412987
stage6_tumor_medium_upper_outer_surface,0.1,0.286550738616,0.0875267879612
stage6_tumor_medium_upper_outer_surface,0.125,0.298853133168,0.0906771921831
stage6_tumor_medium_upper_outer_surface,0.15000000000000002,0.338429597858,0.102608245966
stage6_tumor_medium_upper_outer_surface,0.17500000000000002,0.441783300459,0.134370029879
stage6_tumor_medium_upper_outer_surface,0.2,0.547867089819,0.167146916734
stage6_tumor_medium_upper_outer_surface,0.225,0.59049678318,0.17983118237
stage6_tumor_medium_upper_outer_surface,0.25,0.599603152831,0.182130096813
stage6_tumor_medium_upper_outer_surface,0.275,0.661970312449,0.201036723588
stage6_tumor_medium_upper_outer_surface,0.30000000000000004,0.777965766486,0.236840276285
stage6_tumor_medium_upper_outer_surface,0.325,0.864558536298,0.263577239944
stage6_tumor_medium_upper_outer_surface,0.35000000000000003,0.887627443932,0.269993697348
stage6_tumor_medium_upper_outer_surface,0.375,0.909043026096,0.276156034564
stage6_tumor_medium_upper_outer_surface,0.4,0.992798055572,0.301944527779
stage6_tumor_medium_upper_outer_surface,0.42500000000000004,1.10792099035,0.337273944522
stage6_tumor_medium_upper_outer_surface,0.45,1.17457142571,0.357853853902
stage6_tumor_medium_upper_outer_surface,0.47500000000000003,1.18672493991,0.360873782525
stage6_tumor_medium_upper_outer_surface,0.5,1.22355576375,0.371728008979
stage6_tumor_medium_upper_outer_surface,0.525,1.32689125249,0.403844798008
stage6_tumor_medium_upper_outer_surface,0.55,1.43481510692,0.436862563829
stage6_tumor_medium_upper_outer_surface,0.5750000000000001,1.47660363385,0.449487813759
stage6_tumor_medium_upper_outer_surface,0.6000000000000001,1.48708441307,0.452213554159
stage6_tumor_medium_upper_outer_surface,0.625,1.54870489891,0.470712123837
stage6_tumor_medium_upper_outer_surface,0.65,1.6613302809,0.50570096071
stage6_tumor_medium_upper_outer_surface,0.675,1.75111919775,0.533219121522
stage6_tumor_medium_upper_outer_surface,0.7000000000000001,1.77712699948,0.540728605413
stage6_tumor_medium_upper_outer_surface,0.7250000000000001,1.79482005442,0.545626706865
stage6_tumor_medium_upper_outer_surface,0.75,1.87662542687,0.570767288365
stage6_tumor_medium_upper_outer_surface,0.775,1.99447639661,0.607178465399
stage6_tumor_medium_upper_outer_surface,0.8,2.06058377784,0.627209761045
stage6_tumor_medium_upper_outer_surface,0.8250000000000001,2.07636560303,0.631703905342
stage6_tumor_medium_upper_outer_surface,0.8500000000000001,2.11129660112,0.641947912319
stage6_tumor_medium_upper_outer_surface,0.875,2.20793280773,0.67156384459
stage6_tumor_medium_upper_outer_surface,0.9,2.31646815321,0.705320931367
stage6_tumor_medium_upper_outer_surface,0.925,2.36969102732,0.721262258139
stage6_tumor_medium_upper_outer_surface,0.9500000000000001,2.38260447576,0.72454290487
stage6_tumor_medium_upper_outer_surface,0.9750000000000001,2.42948757006,0.738917272164
stage6_tumor_medium_upper_outer_surface,1,2.53687496039,0.771842287796
stage6_tumor_medium_upper_outer_surface,1.0250000000000001,2.617983196,0.797151377817
stage6_tumor_medium_upper_outer_surface,1.05,2.56653677258,0.781595165644
stage6_tumor_medium_upper_outer_surface,1.075,2.46548833058,0.749243705851
stage6_tumor_medium_upper_outer_surface,1.1,2.4651700761,0.749265063634
stage6_tumor_medium_upper_outer_surface,1.125,2.5673882103,0.781714331209
stage6_tumor_medium_upper_outer_surface,1.1500000000000001,2.61633416401,0.796711884865
stage6_tumor_medium_upper_outer_surface,1.175,2.5371711772,0.772116154753
stage6_tumor_medium_upper_outer_surface,1.2000000000000002,2.45037002707,0.744609056013
stage6_tumor_medium_upper_outer_surface,1.2,2.45037002707,0.744609056013
stage6_tumor_medium_upper_outer_surface,1.2049999999999998,2.44831182877,0.743937920022
stage6_tumor_medium_upper_outer_surface,1.21,2.44989667423,0.744431568904
stage6_tumor_medium_upper_outer_surface,1.2149999999999999,2.45755998286,0.746868416245
stage6_tumor_medium_upper_outer_surface,1.22,2.47142992038,0.751279556113
stage6_tumor_medium_upper_outer_surface,1.2249999999999999,2.48807111567,0.756569609143
stage6_tumor_medium_upper_outer_surface,1.23,2.50976835908,0.763442522724
stage6_tumor_medium_upper_outer_surface,1.2349999999999999,2.5321613399,0.770514285061
stage6_tumor_medium_upper_outer_surface,1.24,2.55539197083,0.777825389748
stage6_tumor_medium_upper_outer_surface,1.2449999999999999,2.57621619698,0.784339592761
stage6_tumor_medium_upper_outer_surface,1.25,2.59661955893,0.79067224713
stage6_tumor_medium_upper_outer_surface,1.255,2.61766027349,0.797012757542
stage6_tumor_medium_upper_outer_surface,1.26,2.64824702022,0.805995782062
stage6_tumor_medium_upper_outer_surface,1.265,2.69024820391,0.818171180998
stage6_tumor_medium_upper_outer_surface,1.27,2.76254117694,0.8390437058
stage6_tumor_medium_upper_outer_surface,1.275,2.8705415205,0.870451513221
stage6_tumor_medium_upper_outer_surface,1.28,3.01298353182,0.912319612915
stage6_tumor_medium_upper_outer_surface,1.285,3.18971216705,0.964889680496
stage6_tumor_medium_upper_outer_surface,1.29,3.39883616104,1.02784710318
stage6_tumor_medium_upper_outer_surface,1.295,3.63679959007,1.10030597101
stage6_tumor_medium_upper_outer_surface,1.3,3.90069441091,1.18160699879
stage6_tumor_medium_upper_outer_surface,1.305,4.17756713408,1.26762897696
stage6_tumor_medium_upper_outer_surface,1.31,4.45731848177,1.35504348953
stage6_tumor_medium_upper_outer_surface,1.315,4.73135813993,1.44099700506
stage6_tumor_medium_upper_outer_surface,1.3199999999999998,4.9916648081,1.52278615825
stage6_tumor_medium_upper_outer_surface,1.325,5.22706644367,1.59665516058
stage6_tumor_medium_upper_outer_surface,1.33,5.43025604073,1.66004873123
stage6_tumor_medium_upper_outer_surface,1.335,5.59227751693,1.7099338563
stage6_tumor_medium_upper_outer_surface,1.3399999999999999,5.71102754655,1.74568383118
stage6_tumor_medium_upper_outer_surface,1.345,5.78534627773,1.76713481573
stage6_tumor_medium_upper_outer_surface,1.3499999999999999,5.8166971447,1.77504700905
stage6_tumor_medium_upper_outer_surface,1.355,5.80900165941,1.77092029289
stage6_tumor_medium_upper_outer_surface,1.3599999999999999,5.76852831694,1.75688161946
stage6_tumor_medium_upper_outer_surface,1.365,5.7023592112,1.73524566413
stage6_tumor_medium_upper_outer_surface,1.3699999999999999,5.62009038627,1.70903904872
stage6_tumor_medium_upper_outer_surface,1.375,5.53123061976,1.68116993238
stage6_tumor_medium_upper_outer_surface,1.38,5.44585948465,1.6546139646
stage6_tumor_medium_upper_outer_surface,1.385,5.37307767258,1.63194029128
stage6_tumor_medium_upper_outer_surface,1.39,5.31934724665,1.6150560316
stage6_tumor_medium_upper_outer_surface,1.395,5.28964148499,1.60555986499
stage6_tumor_medium_upper_outer_surface,1.4,5.29162934633,1.60596047148
stage6_tumor_medium_upper_outer_surface,1.405,5.32131260455,1.6151059792
stage6_tumor_medium_upper_outer_surface,1.41,5.37636997364,1.63234331405
stage6_tumor_medium_upper_outer_surface,1.415,5.45304137802,1.65655902019
stage6_tumor_medium_upper_outer_surface,1.42,5.5457028037,1.68600583052
stage6_tumor_medium_upper_outer_surface,1.425,5.64373498888,1.71728739696
stage6_tumor_medium_upper_outer_surface,1.43,5.7385073386,1.74767307888
stage6_tumor_medium_upper_outer_surface,1.435,5.81957064867,1.77385927374
stage6_tumor_medium_upper_outer_surface,1.44,5.87547682986,1.79219563422
stage6_tumor_medium_upper_outer_surface,1.4449999999999998,5.89993929738,1.80064452659
stage6_tumor_medium_upper_outer_surface,1.45,5.88645368899,1.79712375113
stage6_tumor_medium_upper_outer_surface,1.455,5.82562764325,1.77868722444
stage6_tumor_medium_upper_outer_surface,1.46,5.71611523677,1.74498129726
stage6_tumor_medium_upper_outer_surface,1.4649999999999999,5.56165102795,1.69724340215
stage6_tumor_medium_upper_outer_surface,1.47,5.36540413591,1.636517352
stage6_tumor_medium_upper_outer_surface,1.475,5.1291534097,1.56343930121
stage6_tumor_medium_upper_outer_surface,1.48,4.86609993935,1.48218269255
stage6_tumor_medium_upper_outer_surface,1.4849999999999999,4.58733459512,1.39621879277
stage6_tumor_medium_upper_outer_surface,1.49,4.30337057944,1.30877489704
stage6_tumor_medium_upper_outer_surface,1.4949999999999999,4.02724860109,1.22377569269
stage6_tumor_medium_upper_outer_surface,1.5,3.76862148255,1.14408564652
stage6_tumor_medium_upper_outer_surface,1.505,3.53523548862,1.07206670628
stage6_tumor_medium_upper_outer_surface,1.51,3.33408435252,1.00994188549
stage6_tumor_medium_upper_outer_surface,1.515,3.17211841681,0.960000601033
stage6_tumor_medium_upper_outer_surface,1.52,3.04488184202,0.920973163319
stage6_tumor_medium_upper_outer_surface,1.525,2.94996505134,0.892194776676
stage6_tumor_medium_upper_outer_surface,1.53,2.88443902948,0.872895108813
stage6_tumor_medium_upper_outer_surface,1.535,2.84117803127,0.861007198494
stage6_tumor_medium_upper_outer_surface,1.54,2.80971119059,0.853247443452
stage6_tumor_medium_upper_outer_surface,1.545,2.78156662556,0.84683188112
stage6_tumor_medium_upper_outer_surface,1.55,2.74655173818,0.838324205575
stage6_tumor_medium_upper_outer_surface,1.555,2.69514527496,0.824500179342
stage6_tumor_medium_upper_outer_surface,1.56,2.62071659116,0.803180630902
stage6_tumor_medium_upper_outer_surface,1.565,2.5175821605,0.772561468514
stage6_tumor_medium_upper_outer_surface,1.5699999999999998,2.37681489383,0.729814667115
stage6_tumor_medium_upper_outer_surface,1.575,2.20056424194,0.675674409146
stage6_tumor_medium_upper_outer_surface,1.58,1.99082501506,0.610816827513
stage6_tumor_medium_upper_outer_surface,1.585,1.75058467619,0.536246177534
stage6_tumor_medium_upper_outer_surface,1.5899999999999999,1.48223578109,0.452790424677
stage6_tumor_medium_upper_outer_surface,1.595,1.19811519869,0.364449417349
stage6_tumor_medium_upper_outer_surface,1.6,0.906964023661,0.274120695044
stage6_tumor_medium_upper_outer_surface,1.605,0.619051522521,0.185252612952
stage6_tumor_medium_upper_outer_surface,1.6099999999999999,0.345741427074,0.102145307749
stage6_tumor_medium_upper_outer_surface,1.615,0.114292297033,0.0345190573473
stage6_tumor_medium_upper_outer_surface,1.6199999999999999,0.160490141213,0.0477622419131
stage6_tumor_medium_upper_outer_surface,1.625,0.315174053921,0.0994083927976
stage6_tumor_medium_upper_outer_surface,1.63,0.442654851186,0.138926522204
stage6_tumor_medium_upper_outer_surface,1.635,0.528684429931,0.165106896032
stage6_tumor_medium_upper_outer_surface,1.64,0.572140556658,0.178247212164
stage6_tumor_medium_upper_outer_surface,1.645,0.576676560707,0.179503005726
stage6_tumor_medium_upper_outer_surface,1.65,0.548647434848,0.170728210342
stage6_tumor_medium_upper_outer_surface,1.655,0.496173391313,0.154315932734
stage6_tumor_medium_upper_outer_surface,1.66,0.42842344042,0.13296680994
stage6_tumor_medium_upper_outer_surface,1.665,0.355198832828,0.109612917802
stage6_tumor_medium_upper_outer_surface,1.67,0.286117768955,0.087425546829
stage6_tumor_medium_upper_outer_surface,1.675,0.229769482072,0.0692641588014
stage6_tumor_medium_upper_outer_surface,1.68,0.193884098115,0.0578522691112
stage6_tumor_medium_upper_outer_surface,1.685,0.184896879844,0.0560399212225
stage6_tumor_medium_upper_outer_surface,1.69,0.205636875366,0.0619772986767
stage6_tumor_medium_upper_outer_surface,1.6949999999999998,0.255905491955,0.0750047610186
stage6_tumor_medium_upper_outer_surface,1.7,0.333236690664,0.0972343354583
stage6_tumor_medium_upper_outer_surface,1.705,0.432529005053,0.12805999037
stage6_tumor_medium_upper_outer_surface,1.71,0.546444964433,0.164547530352
stage6_tumor_medium_upper_outer_surface,1.7149999999999999,0.665955132946,0.203325513482
stage6_tumor_medium_upper_outer_surface,1.72,0.78087078208,0.240857526986
stage6_tumor_medium_upper_outer_surface,1.725,0.880497344973,0.273464145669
stage6_tumor_medium_upper_outer_surface,1.73,0.953918609322,0.297436810655
stage6_tumor_medium_upper_outer_surface,1.7349999999999999,0.991884453651,0.309737041686
stage6_tumor_medium_upper_outer_surface,1.74,0.987330145378,0.308212107378
stage6_tumor_medium_upper_outer_surface,1.745,0.935689239145,0.29164772821
stage6_tumor_medium_upper_outer_surface,1.75,0.835490639915,0.259844865456
stage6_tumor_medium_upper_outer_surface,1.755,0.688491741043,0.213580609676
stage6_tumor_medium_upper_outer_surface,1.76,0.499526049889,0.15454852272
stage6_tumor_medium_upper_outer_surface,1.7650000000000001,0.276544990812,0.085344291436
stage6_tumor_medium_upper_outer_surface,1.77,0.052493171381,0.0138379954441
stage6_tumor_medium_upper_outer_surface,1.775,0.245535090054,0.07561534304
stage6_tumor_medium_upper_outer_surface,1.7799999999999998,0.514011056918,0.157578220702
stage6_tumor_medium_upper_outer_surface,1.785,0.776355979026,0.237783845039
stage6_tumor_medium_upper_outer_surface,1.79,1.02135159104,0.312818900331
stage6_tumor_medium_upper_outer_surface,1.795,1.24006828161,0.38003307635
stage6_tumor_medium_upper_outer_surface,1.7999999999999998,1.42584958519,0.437368480212
stage6_tumor_medium_upper_outer_surface,1.805,1.57617586108,0.483910630663
stage6_tumor_medium_upper_outer_surface,1.81,1.6911996804,0.519472672581
stage6_tumor_medium_upper_outer_surface,1.815,1.77397320105,0.544746603282
stage6_tumor_medium_upper_outer_surface,1.8199999999999998,1.83010034684,0.561305174376
stage6_tumor_medium_upper_outer_surface,1.825,1.86725563058,0.57148698045
stage6_tumor_medium_upper_outer_surface,1.83,1.89452213609,0.578170759409
stage6_tumor_medium_upper_outer_surface,1.835,1.92161261978,0.584507625152
stage6_tumor_medium_upper_outer_surface,1.8399999999999999,1.95812900916,0.593661328233
stage6_tumor_medium_upper_outer_surface,1.845,2.01292862061,0.608586040907
stage6_tumor_medium_upper_outer_surface,1.85,2.09348942788,0.631784349497
stage6_tumor_medium_upper_outer_surface,1.855,2.20266035148,0.664315970586
stage6_tumor_medium_upper_outer_surface,1.8599999999999999,2.33304704425,0.704164143215
stage6_tumor_medium_upper_outer_surface,1.865,2.4740505515,0.748229261483
stage6_tumor_medium_upper_outer_surface,1.87,2.61535830968,0.793312180463
stage6_tumor_medium_upper_outer_surface,1.875,2.74771046441,0.836232444458
stage6_tumor_medium_upper_outer_surface,1.88,2.86279405749,0.87403606319
stage6_tumor_medium_upper_outer_surface,1.885,2.95344636581,0.904141300524
stage6_tumor_medium_upper_outer_surface,1.8900000000000001,3.01405455041,0.924495191018
stage6_tumor_medium_upper_outer_surface,1.895,3.04093529873,0.933719600911
stage6_tumor_medium_upper_outer_surface,1.9,3.03259368043,0.931253575729
stage6_tumor_medium_upper_outer_surface,1.9000000000000001,3.03259368043,0.931253575729
stage6_tumor_medium_upper_outer_surface,1.925,2.56514974271,0.77898700054
stage6_tumor_medium_upper_outer_surface,1.9500000000000002,2.04169312298,0.617011502041
stage6_tumor_medium_upper_outer_surface,1.975,2.26737968982,0.687913192641
stage6_tumor_medium_upper_outer_surface,2,2.93767832087,0.898622135635
stage6_tumor_medium_upper_outer_surface,2.0250000000000004,2.97580222045,0.908338344164
stage6_tumor_medium_upper_outer_surface,2.0500000000000003,2.28309566165,0.693534074276
stage6_tumor_medium_upper_outer_surface,2.075,2.00547904596,0.60553541809
stage6_tumor_medium_upper_outer_surface,2.1,2.57404351773,0.780764183549
stage6_tumor_medium_upper_outer_surface,2.125,3.04175633154,0.934682388688
stage6_tumor_medium_upper_outer_surface,2.1500000000000004,2.73014367567,0.830866409942
stage6_tumor_medium_upper_outer_surface,2.1750000000000003,2.11823903218,0.639598891665
stage6_tumor_medium_upper_outer_surface,2.2,2.13410403319,0.648393962711
